metric_record_id,deal_id,company_id,facility_id,metric_code,reporting_year,metric_value,unit,original_value,original_unit,estimated_flag,assurance_status,confidence_score,data_quality_score,extraction_method,human_verified_flag,document_id,source_page
D1-MR00000,DEAL001,COMP001,,ENV_SCOPE1,2015,12038.45,tCO2e,12038.45,tCO2e,No,Unaudited,0.87,0.93,extract-agent-v1.2,No,D1-DOC2015,28
D1-MR00001,DEAL001,COMP001,,ENV_SCOPE2,2015,183033.21,tCO2e,183033.21,tCO2e,No,Unaudited,0.94,0.82,extract-agent-v1.2,No,D1-DOC2015,38
D1-MR00002,DEAL001,COMP001,,ENV_SCOPE3,2015,238446.65,tCO2e,238446.65,tCO2e,Yes,Unaudited,0.97,0.75,extract-agent-v1.2,No,D1-DOC2015,45
D1-MR00003,DEAL001,COMP001,,ENV_ENERGY,2015,325061.63,MWh,325061.63,MWh,No,Unaudited,0.88,0.84,extract-agent-v1.2,No,D1-DOC2015,22
D1-MR00004,DEAL001,COMP001,,ENV_RENEW_PCT,2015,5.91,%,5.91,%,No,Unaudited,0.95,0.92,extract-agent-v1.2,No,D1-DOC2015,43
D1-MR00005,DEAL001,COMP001,,ENV_DC_PUE,2015,2.11,ratio,2.11,ratio,No,Unaudited,0.89,0.97,extract-agent-v1.2,No,D1-DOC2015,40
D1-MR00006,DEAL001,COMP001,,ENV_WATER,2015,0.9,ML,0.9,ML,No,Unaudited,0.93,0.79,extract-agent-v1.2,No,D1-DOC2015,56
D1-MR00007,DEAL001,COMP001,,ENV_EWASTE,2015,179.67,tonnes,179.67,tonnes,No,Unaudited,0.87,0.96,extract-agent-v1.2,No,D1-DOC2015,16
D1-MR00008,DEAL001,COMP001,,ENV_EWASTE_REC_PCT,2015,57.88,%,57.88,%,No,Unaudited,0.95,0.87,extract-agent-v1.2,No,D1-DOC2015,20
D1-MR00009,DEAL001,COMP001,,SOC_HEADCOUNT,2015,14228,count,14228,count,No,Unaudited,0.98,0.75,extract-agent-v1.2,No,D1-DOC2015,48
D1-MR00010,DEAL001,COMP001,,SOC_FEMALE_PCT,2015,27.6,%,27.6,%,No,Unaudited,0.96,0.94,extract-agent-v1.2,No,D1-DOC2015,43
D1-MR00011,DEAL001,COMP001,,SOC_ATTRITION,2015,16.16,%,16.16,%,No,Unaudited,0.83,0.94,extract-agent-v1.2,No,D1-DOC2015,67
D1-MR00012,DEAL001,COMP001,,SOC_TRAIN_HRS,2015,24.42,hours,24.42,hours,No,Unaudited,0.95,0.79,extract-agent-v1.2,No,D1-DOC2015,20
D1-MR00013,DEAL001,COMP001,,SOC_LTIFR,2015,0.39,per million hrs,0.39,per million hrs,No,Unaudited,0.93,0.92,extract-agent-v1.2,No,D1-DOC2015,80
D1-MR00014,DEAL001,COMP001,,SOC_ESAT,2015,68.4,score,68.4,score,No,Unaudited,0.92,0.77,extract-agent-v1.2,No,D1-DOC2015,66
D1-MR00015,DEAL001,COMP001,,GOV_BOARD_INDEP_PCT,2015,39.72,%,39.72,%,No,Unaudited,0.93,0.89,extract-agent-v1.2,No,D1-DOC2015,37
D1-MR00016,DEAL001,COMP001,,GOV_WOMEN_BOARD_PCT,2015,10.05,%,10.05,%,No,Unaudited,0.91,0.79,extract-agent-v1.2,No,D1-DOC2015,48
D1-MR00017,DEAL001,COMP001,,GOV_DATA_BREACH,2015,1,count,1,count,No,Unaudited,0.91,0.92,extract-agent-v1.2,No,D1-DOC2015,57
D1-MR00018,DEAL001,COMP001,,GOV_ETHICS_CASES,2015,18,count,18,count,No,Unaudited,0.92,0.76,extract-agent-v1.2,No,D1-DOC2015,45
D1-MRF000019,DEAL001,COMP001,D1-FAC01,ENV_SCOPE2,2015,35753.67,tCO2e,35753.67,tCO2e,No,Unaudited,0.92,0.71,extract-agent-v1.2,No,D1-DOC2015,19
D1-MRF000020,DEAL001,COMP001,D1-FAC01,ENV_ENERGY,2015,61792.94,MWh,61792.94,MWh,No,Unaudited,0.83,0.91,extract-agent-v1.2,No,D1-DOC2015,28
D1-MRF000021,DEAL001,COMP001,D1-FAC01,ENV_WATER,2015,0.17,ML,0.17,ML,No,Unaudited,0.89,0.9,extract-agent-v1.2,No,D1-DOC2015,16
D1-MRF000022,DEAL001,COMP001,D1-FAC02,ENV_SCOPE2,2015,35606.91,tCO2e,35606.91,tCO2e,No,Unaudited,0.88,0.79,extract-agent-v1.2,No,D1-DOC2015,53
D1-MRF000023,DEAL001,COMP001,D1-FAC02,ENV_ENERGY,2015,64191.56,MWh,64191.56,MWh,No,Unaudited,0.96,0.88,extract-agent-v1.2,No,D1-DOC2015,24
D1-MRF000024,DEAL001,COMP001,D1-FAC02,ENV_WATER,2015,0.18,ML,0.18,ML,No,Unaudited,0.93,0.94,extract-agent-v1.2,No,D1-DOC2015,34
D1-MRF000025,DEAL001,COMP001,D1-FAC05,ENV_SCOPE2,2015,37827.01,tCO2e,37827.01,tCO2e,No,Unaudited,0.93,0.86,extract-agent-v1.2,No,D1-DOC2015,34
D1-MRF000026,DEAL001,COMP001,D1-FAC05,ENV_ENERGY,2015,63810.03,MWh,63810.03,MWh,No,Unaudited,0.95,0.94,extract-agent-v1.2,No,D1-DOC2015,87
D1-MRF000027,DEAL001,COMP001,D1-FAC05,ENV_WATER,2015,0.19,ML,0.19,ML,No,Unaudited,0.96,0.71,extract-agent-v1.2,No,D1-DOC2015,69
D1-MRF000028,DEAL001,COMP001,D1-FAC03,ENV_DC_PUE,2015,2.06,ratio,2.06,ratio,No,Unaudited,0.91,0.74,extract-agent-v1.2,No,D1-DOC2015,39
D1-MR00100,DEAL001,COMP001,,ENV_SCOPE1,2016,11931.75,tCO2e,11931.75,tCO2e,No,Unaudited,0.84,0.77,extract-agent-v1.2,No,D1-DOC2016,75
D1-MR00101,DEAL001,COMP001,,ENV_SCOPE2,2016,177388.43,tCO2e,177388.43,tCO2e,No,Unaudited,0.95,0.7,extract-agent-v1.2,No,D1-DOC2016,23
D1-MR00102,DEAL001,COMP001,,ENV_SCOPE3,2016,254829.24,tCO2e,254829.24,tCO2e,Yes,Unaudited,0.97,0.96,extract-agent-v1.2,No,D1-DOC2016,21
D1-MR00103,DEAL001,COMP001,,ENV_ENERGY,2016,354818.25,MWh,354818.25,MWh,No,Unaudited,0.82,0.72,extract-agent-v1.2,No,D1-DOC2016,32
D1-MR00104,DEAL001,COMP001,,ENV_RENEW_PCT,2016,10.47,%,10.47,%,No,Unaudited,0.98,0.74,extract-agent-v1.2,No,D1-DOC2016,27
D1-MR00105,DEAL001,COMP001,,ENV_DC_PUE,2016,1.99,ratio,1.99,ratio,No,Unaudited,0.88,0.78,extract-agent-v1.2,No,D1-DOC2016,39
D1-MR00106,DEAL001,COMP001,,ENV_WATER,2016,0.98,ML,0.98,ML,No,Unaudited,0.94,0.84,extract-agent-v1.2,No,D1-DOC2016,45
D1-MR00107,DEAL001,COMP001,,ENV_EWASTE,2016,196.09,tonnes,196.09,tonnes,No,Unaudited,0.93,0.75,extract-agent-v1.2,No,D1-DOC2016,51
D1-MR00108,DEAL001,COMP001,,ENV_EWASTE_REC_PCT,2016,60.84,%,60.84,%,No,Unaudited,0.97,0.92,extract-agent-v1.2,No,D1-DOC2016,87
D1-MR00109,DEAL001,COMP001,,SOC_HEADCOUNT,2016,17313,count,17313,count,No,Unaudited,0.83,0.76,extract-agent-v1.2,No,D1-DOC2016,24
D1-MR00110,DEAL001,COMP001,,SOC_FEMALE_PCT,2016,29.31,%,29.31,%,No,Unaudited,0.9,0.77,extract-agent-v1.2,No,D1-DOC2016,81
D1-MR00111,DEAL001,COMP001,,SOC_ATTRITION,2016,15.67,%,15.67,%,No,Unaudited,0.85,0.92,extract-agent-v1.2,No,D1-DOC2016,21
D1-MR00112,DEAL001,COMP001,,SOC_TRAIN_HRS,2016,27.25,hours,27.25,hours,No,Unaudited,0.88,0.81,extract-agent-v1.2,No,D1-DOC2016,19
D1-MR00113,DEAL001,COMP001,,SOC_LTIFR,2016,0.36,per million hrs,0.36,per million hrs,No,Unaudited,0.83,0.74,extract-agent-v1.2,No,D1-DOC2016,86
D1-MR00114,DEAL001,COMP001,,SOC_ESAT,2016,70.01,score,70.01,score,No,Unaudited,0.86,0.9,extract-agent-v1.2,No,D1-DOC2016,50
D1-MR00115,DEAL001,COMP001,,GOV_BOARD_INDEP_PCT,2016,41.89,%,41.89,%,No,Unaudited,0.91,0.81,extract-agent-v1.2,No,D1-DOC2016,74
D1-MR00116,DEAL001,COMP001,,GOV_WOMEN_BOARD_PCT,2016,12.21,%,12.21,%,No,Unaudited,0.94,0.82,extract-agent-v1.2,No,D1-DOC2016,50
D1-MR00117,DEAL001,COMP001,,GOV_DATA_BREACH,2016,1,count,1,count,No,Unaudited,0.96,0.79,extract-agent-v1.2,No,D1-DOC2016,72
D1-MR00118,DEAL001,COMP001,,GOV_ETHICS_CASES,2016,19,count,19,count,No,Unaudited,0.83,0.71,extract-agent-v1.2,No,D1-DOC2016,23
D1-MRF000048,DEAL001,COMP001,D1-FAC01,ENV_SCOPE2,2016,35841.39,tCO2e,35841.39,tCO2e,No,Unaudited,0.89,0.93,extract-agent-v1.2,No,D1-DOC2016,13
D1-MRF000049,DEAL001,COMP001,D1-FAC01,ENV_ENERGY,2016,71425.11,MWh,71425.11,MWh,No,Unaudited,0.95,0.77,extract-agent-v1.2,No,D1-DOC2016,59
D1-MRF000050,DEAL001,COMP001,D1-FAC01,ENV_WATER,2016,0.2,ML,0.2,ML,No,Unaudited,0.92,0.93,extract-agent-v1.2,No,D1-DOC2016,23
D1-MRF000051,DEAL001,COMP001,D1-FAC02,ENV_SCOPE2,2016,34463.2,tCO2e,34463.2,tCO2e,No,Unaudited,0.8,0.71,extract-agent-v1.2,No,D1-DOC2016,18
D1-MRF000052,DEAL001,COMP001,D1-FAC02,ENV_ENERGY,2016,71292.23,MWh,71292.23,MWh,No,Unaudited,0.83,0.74,extract-agent-v1.2,No,D1-DOC2016,49
D1-MRF000053,DEAL001,COMP001,D1-FAC02,ENV_WATER,2016,0.2,ML,0.2,ML,No,Unaudited,0.94,0.86,extract-agent-v1.2,No,D1-DOC2016,59
D1-MRF000054,DEAL001,COMP001,D1-FAC05,ENV_SCOPE2,2016,35953.11,tCO2e,35953.11,tCO2e,No,Unaudited,0.93,0.84,extract-agent-v1.2,No,D1-DOC2016,42
D1-MRF000055,DEAL001,COMP001,D1-FAC05,ENV_ENERGY,2016,72524.99,MWh,72524.99,MWh,No,Unaudited,0.92,0.94,extract-agent-v1.2,No,D1-DOC2016,65
D1-MRF000056,DEAL001,COMP001,D1-FAC05,ENV_WATER,2016,0.19,ML,0.19,ML,No,Unaudited,0.86,0.89,extract-agent-v1.2,No,D1-DOC2016,53
D1-MRF000057,DEAL001,COMP001,D1-FAC03,ENV_DC_PUE,2016,2.02,ratio,2.02,ratio,No,Unaudited,0.89,0.9,extract-agent-v1.2,No,D1-DOC2016,46
D1-MR00200,DEAL001,COMP001,,ENV_SCOPE1,2017,11500.53,tCO2e,11500.53,tCO2e,No,Unaudited,0.96,0.7,extract-agent-v1.2,No,D1-DOC2017,13
D1-MR00201,DEAL001,COMP001,,ENV_SCOPE2,2017,167897.31,tCO2e,167897.31,tCO2e,No,Unaudited,0.97,0.84,extract-agent-v1.2,No,D1-DOC2017,88
D1-MR00202,DEAL001,COMP001,,ENV_SCOPE3,2017,277947.59,tCO2e,277947.59,tCO2e,Yes,Unaudited,0.94,0.9,extract-agent-v1.2,No,D1-DOC2017,32
D1-MR00203,DEAL001,COMP001,,ENV_ENERGY,2017,388323.92,MWh,388323.92,MWh,No,Unaudited,0.9,0.85,extract-agent-v1.2,No,D1-DOC2017,79
D1-MR00204,DEAL001,COMP001,,ENV_RENEW_PCT,2017,15.3,%,15.3,%,No,Unaudited,0.83,0.89,extract-agent-v1.2,No,D1-DOC2017,32
D1-MR00205,DEAL001,COMP001,,ENV_DC_PUE,2017,1.92,ratio,1.92,ratio,No,Unaudited,0.92,0.81,extract-agent-v1.2,No,D1-DOC2017,34
D1-MR00206,DEAL001,COMP001,,ENV_WATER,2017,1.06,ML,1.06,ML,No,Unaudited,0.84,0.91,extract-agent-v1.2,No,D1-DOC2017,21
D1-MR00207,DEAL001,COMP001,,ENV_EWASTE,2017,215.39,tonnes,215.39,tonnes,No,Unaudited,0.96,0.92,extract-agent-v1.2,No,D1-DOC2017,53
D1-MR00208,DEAL001,COMP001,,ENV_EWASTE_REC_PCT,2017,64.9,%,64.9,%,No,Unaudited,0.96,0.88,extract-agent-v1.2,No,D1-DOC2017,29
D1-MR00209,DEAL001,COMP001,,SOC_HEADCOUNT,2017,20142,count,20142,count,No,Unaudited,0.83,0.7,extract-agent-v1.2,No,D1-DOC2017,16
D1-MR00210,DEAL001,COMP001,,SOC_FEMALE_PCT,2017,30.44,%,30.44,%,No,Unaudited,0.95,0.84,extract-agent-v1.2,No,D1-DOC2017,54
D1-MR00211,DEAL001,COMP001,,SOC_ATTRITION,2017,15.66,%,15.66,%,No,Unaudited,0.89,0.88,extract-agent-v1.2,No,D1-DOC2017,25
D1-MR00212,DEAL001,COMP001,,SOC_TRAIN_HRS,2017,30.7,hours,30.7,hours,No,Unaudited,0.89,0.74,extract-agent-v1.2,No,D1-DOC2017,69
D1-MR00213,DEAL001,COMP001,,SOC_LTIFR,2017,0.34,per million hrs,0.34,per million hrs,No,Unaudited,0.89,0.88,extract-agent-v1.2,No,D1-DOC2017,72
D1-MR00214,DEAL001,COMP001,,SOC_ESAT,2017,71.45,score,71.45,score,No,Unaudited,0.85,0.87,extract-agent-v1.2,No,D1-DOC2017,20
D1-MR00215,DEAL001,COMP001,,GOV_BOARD_INDEP_PCT,2017,43.96,%,43.96,%,No,Unaudited,0.93,0.81,extract-agent-v1.2,No,D1-DOC2017,84
D1-MR00216,DEAL001,COMP001,,GOV_WOMEN_BOARD_PCT,2017,14.42,%,14.42,%,No,Unaudited,0.98,0.98,extract-agent-v1.2,No,D1-DOC2017,24
D1-MR00217,DEAL001,COMP001,,GOV_DATA_BREACH,2017,1,count,1,count,No,Unaudited,0.91,0.81,extract-agent-v1.2,No,D1-DOC2017,54
D1-MR00218,DEAL001,COMP001,,GOV_ETHICS_CASES,2017,20,count,20,count,No,Unaudited,0.92,0.77,extract-agent-v1.2,No,D1-DOC2017,70
D1-MRF000077,DEAL001,COMP001,D1-FAC01,ENV_SCOPE2,2017,31954.72,tCO2e,31954.72,tCO2e,No,Unaudited,0.87,0.9,extract-agent-v1.2,No,D1-DOC2017,31
D1-MRF000078,DEAL001,COMP001,D1-FAC01,ENV_ENERGY,2017,76883.66,MWh,76883.66,MWh,No,Unaudited,0.81,0.78,extract-agent-v1.2,No,D1-DOC2017,46
D1-MRF000079,DEAL001,COMP001,D1-FAC01,ENV_WATER,2017,0.21,ML,0.21,ML,No,Unaudited,0.97,0.95,extract-agent-v1.2,No,D1-DOC2017,12
D1-MRF000080,DEAL001,COMP001,D1-FAC02,ENV_SCOPE2,2017,33856.91,tCO2e,33856.91,tCO2e,No,Unaudited,0.94,0.82,extract-agent-v1.2,No,D1-DOC2017,61
D1-MRF000081,DEAL001,COMP001,D1-FAC02,ENV_ENERGY,2017,74896.84,MWh,74896.84,MWh,No,Unaudited,0.98,0.92,extract-agent-v1.2,No,D1-DOC2017,19
D1-MRF000082,DEAL001,COMP001,D1-FAC02,ENV_WATER,2017,0.21,ML,0.21,ML,No,Unaudited,0.94,0.93,extract-agent-v1.2,No,D1-DOC2017,20
D1-MRF000083,DEAL001,COMP001,D1-FAC05,ENV_SCOPE2,2017,32013.2,tCO2e,32013.2,tCO2e,No,Unaudited,0.88,0.81,extract-agent-v1.2,No,D1-DOC2017,32
D1-MRF000084,DEAL001,COMP001,D1-FAC05,ENV_ENERGY,2017,79659.64,MWh,79659.64,MWh,No,Unaudited,0.86,0.79,extract-agent-v1.2,No,D1-DOC2017,12
D1-MRF000085,DEAL001,COMP001,D1-FAC05,ENV_WATER,2017,0.2,ML,0.2,ML,No,Unaudited,0.97,0.78,extract-agent-v1.2,No,D1-DOC2017,72
D1-MRF000086,DEAL001,COMP001,D1-FAC03,ENV_DC_PUE,2017,1.93,ratio,1.93,ratio,No,Unaudited,0.88,0.9,extract-agent-v1.2,No,D1-DOC2017,16
D1-MR00300,DEAL001,COMP001,,ENV_SCOPE1,2018,11159.51,tCO2e,11159.51,tCO2e,No,Unaudited,0.97,0.82,extract-agent-v1.2,No,D1-DOC2018,16
D1-MR00301,DEAL001,COMP001,,ENV_SCOPE2,2018,155795.75,tCO2e,155795.75,tCO2e,No,Unaudited,0.88,0.82,extract-agent-v1.2,No,D1-DOC2018,56
D1-MR00302,DEAL001,COMP001,,ENV_SCOPE3,2018,302001.61,tCO2e,302001.61,tCO2e,Yes,Unaudited,0.89,0.76,extract-agent-v1.2,No,D1-DOC2018,51
D1-MR00303,DEAL001,COMP001,,ENV_ENERGY,2018,409311.99,MWh,409311.99,MWh,No,Unaudited,0.89,0.71,extract-agent-v1.2,No,D1-DOC2018,85
D1-MR00304,DEAL001,COMP001,,ENV_RENEW_PCT,2018,20.16,%,20.16,%,No,Unaudited,0.95,0.85,extract-agent-v1.2,No,D1-DOC2018,80
D1-MR00305,DEAL001,COMP001,,ENV_DC_PUE,2018,1.87,ratio,1.87,ratio,No,Unaudited,0.94,0.75,extract-agent-v1.2,No,D1-DOC2018,55
D1-MR00306,DEAL001,COMP001,,ENV_WATER,2018,1.13,ML,1.13,ML,No,Unaudited,0.95,0.94,extract-agent-v1.2,No,D1-DOC2018,23
D1-MR00307,DEAL001,COMP001,,ENV_EWASTE,2018,232.74,tonnes,232.74,tonnes,No,Unaudited,0.85,0.9,extract-agent-v1.2,No,D1-DOC2018,61
D1-MR00308,DEAL001,COMP001,,ENV_EWASTE_REC_PCT,2018,68.19,%,68.19,%,No,Unaudited,0.92,0.75,extract-agent-v1.2,No,D1-DOC2018,37
D1-MR00309,DEAL001,COMP001,,SOC_HEADCOUNT,2018,23373,count,23373,count,No,Unaudited,0.97,0.79,extract-agent-v1.2,No,D1-DOC2018,74
D1-MR00310,DEAL001,COMP001,,SOC_FEMALE_PCT,2018,31.1,%,31.1,%,No,Unaudited,0.94,0.82,extract-agent-v1.2,No,D1-DOC2018,42
D1-MR00311,DEAL001,COMP001,,SOC_ATTRITION,2018,14.99,%,14.99,%,No,Unaudited,0.96,0.72,extract-agent-v1.2,No,D1-DOC2018,76
D1-MR00312,DEAL001,COMP001,,SOC_TRAIN_HRS,2018,34.58,hours,34.58,hours,No,Unaudited,0.96,0.77,extract-agent-v1.2,No,D1-DOC2018,43
D1-MR00313,DEAL001,COMP001,,SOC_LTIFR,2018,0.3,per million hrs,0.3,per million hrs,No,Unaudited,0.89,0.96,extract-agent-v1.2,No,D1-DOC2018,16
D1-MR00314,DEAL001,COMP001,,SOC_ESAT,2018,71.55,score,71.55,score,No,Unaudited,0.85,0.82,extract-agent-v1.2,No,D1-DOC2018,31
D1-MR00315,DEAL001,COMP001,,GOV_BOARD_INDEP_PCT,2018,45.99,%,45.99,%,No,Unaudited,0.85,0.97,extract-agent-v1.2,No,D1-DOC2018,46
D1-MR00316,DEAL001,COMP001,,GOV_WOMEN_BOARD_PCT,2018,16.59,%,16.59,%,No,Unaudited,0.9,0.8,extract-agent-v1.2,No,D1-DOC2018,71
D1-MR00317,DEAL001,COMP001,,GOV_DATA_BREACH,2018,1,count,1,count,No,Unaudited,0.89,0.97,extract-agent-v1.2,No,D1-DOC2018,43
D1-MR00318,DEAL001,COMP001,,GOV_ETHICS_CASES,2018,21,count,21,count,No,Unaudited,0.86,0.71,extract-agent-v1.2,No,D1-DOC2018,66
D1-MRF000106,DEAL001,COMP001,D1-FAC01,ENV_SCOPE2,2018,31313.2,tCO2e,31313.2,tCO2e,No,Unaudited,0.93,0.77,extract-agent-v1.2,No,D1-DOC2018,19
D1-MRF000107,DEAL001,COMP001,D1-FAC01,ENV_ENERGY,2018,86269.16,MWh,86269.16,MWh,No,Unaudited,0.82,0.75,extract-agent-v1.2,No,D1-DOC2018,28
D1-MRF000108,DEAL001,COMP001,D1-FAC01,ENV_WATER,2018,0.22,ML,0.22,ML,No,Unaudited,0.98,0.89,extract-agent-v1.2,No,D1-DOC2018,62
D1-MRF000109,DEAL001,COMP001,D1-FAC02,ENV_SCOPE2,2018,31005.46,tCO2e,31005.46,tCO2e,No,Unaudited,0.89,0.95,extract-agent-v1.2,No,D1-DOC2018,80
D1-MRF000110,DEAL001,COMP001,D1-FAC02,ENV_ENERGY,2018,82191.77,MWh,82191.77,MWh,No,Unaudited,0.91,0.93,extract-agent-v1.2,No,D1-DOC2018,78
D1-MRF000111,DEAL001,COMP001,D1-FAC02,ENV_WATER,2018,0.23,ML,0.23,ML,No,Unaudited,0.86,0.76,extract-agent-v1.2,No,D1-DOC2018,65
D1-MRF000112,DEAL001,COMP001,D1-FAC05,ENV_SCOPE2,2018,31937.44,tCO2e,31937.44,tCO2e,No,Unaudited,0.86,0.87,extract-agent-v1.2,No,D1-DOC2018,68
D1-MRF000113,DEAL001,COMP001,D1-FAC05,ENV_ENERGY,2018,82747.34,MWh,82747.34,MWh,No,Unaudited,0.94,0.79,extract-agent-v1.2,No,D1-DOC2018,33
D1-MRF000114,DEAL001,COMP001,D1-FAC05,ENV_WATER,2018,0.24,ML,0.24,ML,No,Unaudited,0.91,0.81,extract-agent-v1.2,No,D1-DOC2018,37
D1-MRF000115,DEAL001,COMP001,D1-FAC03,ENV_DC_PUE,2018,1.88,ratio,1.88,ratio,No,Unaudited,0.82,0.88,extract-agent-v1.2,No,D1-DOC2018,58
D1-MR00400,DEAL001,COMP001,,ENV_SCOPE1,2019,10985.35,tCO2e,10985.35,tCO2e,No,Unaudited,0.96,0.86,extract-agent-v1.2,No,D1-DOC2019,36
D1-MR00401,DEAL001,COMP001,,ENV_SCOPE2,2019,143638.56,tCO2e,143638.56,tCO2e,No,Unaudited,0.89,0.91,extract-agent-v1.2,No,D1-DOC2019,82
D1-MR00402,DEAL001,COMP001,,ENV_SCOPE3,2019,323796.73,tCO2e,323796.73,tCO2e,No,Unaudited,0.88,0.77,extract-agent-v1.2,No,D1-DOC2019,58
D1-MR00403,DEAL001,COMP001,,ENV_ENERGY,2019,441143.38,MWh,441143.38,MWh,No,Unaudited,0.87,0.84,extract-agent-v1.2,No,D1-DOC2019,85
D1-MR00404,DEAL001,COMP001,,ENV_RENEW_PCT,2019,24.29,%,24.29,%,No,Unaudited,0.84,0.84,extract-agent-v1.2,No,D1-DOC2019,22
D1-MR00405,DEAL001,COMP001,,ENV_DC_PUE,2019,1.83,ratio,1.83,ratio,No,Unaudited,0.97,0.94,extract-agent-v1.2,No,D1-DOC2019,53
D1-MR00406,DEAL001,COMP001,,ENV_WATER,2019,1.23,ML,1.23,ML,No,Unaudited,0.88,0.72,extract-agent-v1.2,No,D1-DOC2019,37
D1-MR00407,DEAL001,COMP001,,ENV_EWASTE,2019,255.81,tonnes,255.81,tonnes,No,Unaudited,0.95,0.97,extract-agent-v1.2,No,D1-DOC2019,76
D1-MR00408,DEAL001,COMP001,,ENV_EWASTE_REC_PCT,2019,71.61,%,71.61,%,No,Unaudited,0.97,0.96,extract-agent-v1.2,No,D1-DOC2019,75
D1-MR00409,DEAL001,COMP001,,SOC_HEADCOUNT,2019,26217,count,26217,count,No,Unaudited,0.98,0.89,extract-agent-v1.2,No,D1-DOC2019,21
D1-MR00410,DEAL001,COMP001,,SOC_FEMALE_PCT,2019,33.47,%,33.47,%,No,Unaudited,0.86,0.89,extract-agent-v1.2,No,D1-DOC2019,40
D1-MR00411,DEAL001,COMP001,,SOC_ATTRITION,2019,14.85,%,14.85,%,No,Unaudited,0.93,0.75,extract-agent-v1.2,No,D1-DOC2019,16
D1-MR00412,DEAL001,COMP001,,SOC_TRAIN_HRS,2019,37.05,hours,37.05,hours,No,Unaudited,0.99,0.98,extract-agent-v1.2,No,D1-DOC2019,74
D1-MR00413,DEAL001,COMP001,,SOC_LTIFR,2019,0.27,per million hrs,0.27,per million hrs,No,Unaudited,0.96,0.94,extract-agent-v1.2,No,D1-DOC2019,56
D1-MR00414,DEAL001,COMP001,,SOC_ESAT,2019,73.67,score,73.67,score,No,Unaudited,0.93,0.74,extract-agent-v1.2,No,D1-DOC2019,81
D1-MR00415,DEAL001,COMP001,,GOV_BOARD_INDEP_PCT,2019,48.34,%,48.34,%,No,Unaudited,0.85,0.86,extract-agent-v1.2,No,D1-DOC2019,59
D1-MR00416,DEAL001,COMP001,,GOV_WOMEN_BOARD_PCT,2019,19.11,%,19.11,%,No,Unaudited,0.87,0.87,extract-agent-v1.2,No,D1-DOC2019,56
D1-MR00417,DEAL001,COMP001,,GOV_DATA_BREACH,2019,1,count,1,count,No,Unaudited,0.98,0.84,extract-agent-v1.2,No,D1-DOC2019,67
D1-MR00418,DEAL001,COMP001,,GOV_ETHICS_CASES,2019,21,count,21,count,No,Unaudited,0.89,0.85,extract-agent-v1.2,No,D1-DOC2019,29
D1-MRF000135,DEAL001,COMP001,D1-FAC01,ENV_SCOPE2,2019,28251.29,tCO2e,28251.29,tCO2e,No,Unaudited,0.85,0.79,extract-agent-v1.2,No,D1-DOC2019,67
D1-MRF000136,DEAL001,COMP001,D1-FAC01,ENV_ENERGY,2019,87573.51,MWh,87573.51,MWh,No,Unaudited,0.88,0.81,extract-agent-v1.2,No,D1-DOC2019,23
D1-MRF000137,DEAL001,COMP001,D1-FAC01,ENV_WATER,2019,0.25,ML,0.25,ML,No,Unaudited,0.86,0.9,extract-agent-v1.2,No,D1-DOC2019,74
D1-MRF000138,DEAL001,COMP001,D1-FAC02,ENV_SCOPE2,2019,30138.53,tCO2e,30138.53,tCO2e,No,Unaudited,0.95,0.88,extract-agent-v1.2,No,D1-DOC2019,46
D1-MRF000139,DEAL001,COMP001,D1-FAC02,ENV_ENERGY,2019,89701.92,MWh,89701.92,MWh,No,Unaudited,0.89,0.81,extract-agent-v1.2,No,D1-DOC2019,19
D1-MRF000140,DEAL001,COMP001,D1-FAC02,ENV_WATER,2019,0.25,ML,0.25,ML,No,Unaudited,0.93,0.77,extract-agent-v1.2,No,D1-DOC2019,87
D1-MRF000141,DEAL001,COMP001,D1-FAC05,ENV_SCOPE2,2019,29075.39,tCO2e,29075.39,tCO2e,No,Unaudited,0.81,0.89,extract-agent-v1.2,No,D1-DOC2019,43
D1-MRF000142,DEAL001,COMP001,D1-FAC05,ENV_ENERGY,2019,90692.87,MWh,90692.87,MWh,No,Unaudited,0.93,0.82,extract-agent-v1.2,No,D1-DOC2019,76
D1-MRF000143,DEAL001,COMP001,D1-FAC05,ENV_WATER,2019,0.24,ML,0.24,ML,No,Unaudited,0.84,0.74,extract-agent-v1.2,No,D1-DOC2019,38
D1-MRF000144,DEAL001,COMP001,D1-FAC03,ENV_DC_PUE,2019,1.76,ratio,1.76,ratio,No,Unaudited,0.96,0.92,extract-agent-v1.2,No,D1-DOC2019,68
D1-MR00500,DEAL001,COMP001,,ENV_SCOPE1,2020,10698.35,tCO2e,10698.35,tCO2e,No,Assured,0.99,0.79,extract-agent-v1.2,No,D1-DOC2020,72
D1-MR00501,DEAL001,COMP001,,ENV_SCOPE2,2020,135091.22,tCO2e,135091.22,tCO2e,No,Assured,0.87,0.85,extract-agent-v1.2,No,D1-DOC2020,60
D1-MR00502,DEAL001,COMP001,,ENV_SCOPE3,2020,336929.77,tCO2e,336929.77,tCO2e,No,Assured,0.97,0.85,extract-agent-v1.2,No,D1-DOC2020,24
D1-MR00503,DEAL001,COMP001,,ENV_ENERGY,2020,478319.64,MWh,478319.64,MWh,No,Assured,0.94,0.76,extract-agent-v1.2,No,D1-DOC2020,38
D1-MR00504,DEAL001,COMP001,,ENV_RENEW_PCT,2020,28.94,%,28.94,%,No,Assured,0.87,0.8,extract-agent-v1.2,No,D1-DOC2020,15
D1-MR00505,DEAL001,COMP001,,ENV_DC_PUE,2020,1.72,ratio,1.72,ratio,No,Assured,0.89,0.81,extract-agent-v1.2,No,D1-DOC2020,24
D1-MR00506,DEAL001,COMP001,,ENV_WATER,2020,1.3,ML,1.3,ML,No,Assured,0.95,0.75,extract-agent-v1.2,No,D1-DOC2020,79
D1-MR00507,DEAL001,COMP001,,ENV_EWASTE,2020,271.45,tonnes,271.45,tonnes,No,Assured,0.99,0.9,extract-agent-v1.2,No,D1-DOC2020,20
D1-MR00508,DEAL001,COMP001,,ENV_EWASTE_REC_PCT,2020,77.29,%,77.29,%,No,Assured,0.93,0.71,extract-agent-v1.2,No,D1-DOC2020,77
D1-MR00509,DEAL001,COMP001,,SOC_HEADCOUNT,2020,29293,count,29293,count,No,Assured,0.86,0.9,extract-agent-v1.2,No,D1-DOC2020,53
D1-MR00510,DEAL001,COMP001,,SOC_FEMALE_PCT,2020,34.29,%,34.29,%,No,Assured,0.97,0.9,extract-agent-v1.2,No,D1-DOC2020,54
D1-MR00511,DEAL001,COMP001,,SOC_ATTRITION,2020,14.63,%,14.63,%,No,Assured,0.84,0.89,extract-agent-v1.2,No,D1-DOC2020,62
D1-MR00512,DEAL001,COMP001,,SOC_TRAIN_HRS,2020,41.01,hours,41.01,hours,No,Assured,0.9,0.82,extract-agent-v1.2,No,D1-DOC2020,78
D1-MR00513,DEAL001,COMP001,,SOC_LTIFR,2020,0.24,per million hrs,0.24,per million hrs,No,Assured,0.87,0.77,extract-agent-v1.2,No,D1-DOC2020,75
D1-MR00514,DEAL001,COMP001,,SOC_ESAT,2020,74.12,score,74.12,score,No,Assured,0.94,0.75,extract-agent-v1.2,No,D1-DOC2020,42
D1-MR00515,DEAL001,COMP001,,GOV_BOARD_INDEP_PCT,2020,52.02,%,52.02,%,No,Assured,0.98,0.96,extract-agent-v1.2,No,D1-DOC2020,52
D1-MR00516,DEAL001,COMP001,,GOV_WOMEN_BOARD_PCT,2020,21.22,%,21.22,%,No,Assured,0.82,0.96,extract-agent-v1.2,No,D1-DOC2020,46
D1-MR00517,DEAL001,COMP001,,GOV_DATA_BREACH,2020,2,count,2,count,No,Assured,0.91,0.73,extract-agent-v1.2,No,D1-DOC2020,35
D1-MR00518,DEAL001,COMP001,,GOV_ETHICS_CASES,2020,22,count,22,count,No,Assured,0.98,0.91,extract-agent-v1.2,No,D1-DOC2020,88
D1-MRF000164,DEAL001,COMP001,D1-FAC01,ENV_SCOPE2,2020,27045.85,tCO2e,27045.85,tCO2e,No,Assured,0.94,0.82,extract-agent-v1.2,No,D1-DOC2020,41
D1-MRF000165,DEAL001,COMP001,D1-FAC01,ENV_ENERGY,2020,95941.36,MWh,95941.36,MWh,No,Assured,0.97,0.76,extract-agent-v1.2,No,D1-DOC2020,43
D1-MRF000166,DEAL001,COMP001,D1-FAC01,ENV_WATER,2020,0.26,ML,0.26,ML,No,Assured,0.97,0.89,extract-agent-v1.2,No,D1-DOC2020,61
D1-MRF000167,DEAL001,COMP001,D1-FAC02,ENV_SCOPE2,2020,27551.05,tCO2e,27551.05,tCO2e,No,Assured,0.8,0.77,extract-agent-v1.2,No,D1-DOC2020,53
D1-MRF000168,DEAL001,COMP001,D1-FAC02,ENV_ENERGY,2020,94128.82,MWh,94128.82,MWh,No,Assured,0.94,0.73,extract-agent-v1.2,No,D1-DOC2020,65
D1-MRF000169,DEAL001,COMP001,D1-FAC02,ENV_WATER,2020,0.25,ML,0.25,ML,No,Assured,0.86,0.75,extract-agent-v1.2,No,D1-DOC2020,86
D1-MRF000170,DEAL001,COMP001,D1-FAC05,ENV_SCOPE2,2020,27101.86,tCO2e,27101.86,tCO2e,No,Assured,0.87,0.73,extract-agent-v1.2,No,D1-DOC2020,74
D1-MRF000171,DEAL001,COMP001,D1-FAC05,ENV_ENERGY,2020,99521.01,MWh,99521.01,MWh,No,Assured,0.89,0.87,extract-agent-v1.2,No,D1-DOC2020,27
D1-MRF000172,DEAL001,COMP001,D1-FAC05,ENV_WATER,2020,0.26,ML,0.26,ML,No,Assured,0.96,0.8,extract-agent-v1.2,No,D1-DOC2020,73
D1-MRF000173,DEAL001,COMP001,D1-FAC03,ENV_DC_PUE,2020,1.71,ratio,1.71,ratio,No,Assured,0.97,0.9,extract-agent-v1.2,No,D1-DOC2020,78
D1-MR00600,DEAL001,COMP001,,ENV_SCOPE1,2021,10535.55,tCO2e,10535.55,tCO2e,No,Assured,0.98,0.93,extract-agent-v1.2,No,D1-DOC2021,58
D1-MR00601,DEAL001,COMP001,,ENV_SCOPE2,2021,125788.54,tCO2e,125788.54,tCO2e,No,Assured,0.87,0.76,extract-agent-v1.2,No,D1-DOC2021,49
D1-MR00602,DEAL001,COMP001,,ENV_SCOPE3,2021,353368.15,tCO2e,353368.15,tCO2e,No,Assured,0.91,0.94,extract-agent-v1.2,No,D1-DOC2021,78
D1-MR00603,DEAL001,COMP001,,ENV_ENERGY,2021,514531.12,MWh,514531.12,MWh,No,Assured,0.84,0.83,extract-agent-v1.2,No,D1-DOC2021,52
D1-MR00604,DEAL001,COMP001,,ENV_RENEW_PCT,2021,33.38,%,33.38,%,No,Assured,0.96,0.96,extract-agent-v1.2,No,D1-DOC2021,62
D1-MR00605,DEAL001,COMP001,,ENV_DC_PUE,2021,1.66,ratio,1.66,ratio,No,Assured,0.98,0.96,extract-agent-v1.2,No,D1-DOC2021,43
D1-MR00606,DEAL001,COMP001,,ENV_WATER,2021,1.34,ML,1.34,ML,No,Assured,0.96,0.8,extract-agent-v1.2,No,D1-DOC2021,79
D1-MR00607,DEAL001,COMP001,,ENV_EWASTE,2021,285.32,tonnes,285.32,tonnes,No,Assured,0.86,0.75,extract-agent-v1.2,No,D1-DOC2021,32
D1-MR00608,DEAL001,COMP001,,ENV_EWASTE_REC_PCT,2021,78.62,%,78.62,%,No,Assured,0.83,0.95,extract-agent-v1.2,No,D1-DOC2021,23
D1-MR00609,DEAL001,COMP001,,SOC_HEADCOUNT,2021,32521,count,32521,count,No,Assured,0.97,0.97,extract-agent-v1.2,No,D1-DOC2021,43
D1-MR00610,DEAL001,COMP001,,SOC_FEMALE_PCT,2021,34.69,%,34.69,%,No,Assured,0.93,0.79,extract-agent-v1.2,No,D1-DOC2021,65
D1-MR00611,DEAL001,COMP001,,SOC_ATTRITION,2021,21.78,%,21.78,%,No,Assured,0.87,0.93,extract-agent-v1.2,No,D1-DOC2021,82
D1-MR00612,DEAL001,COMP001,,SOC_TRAIN_HRS,2021,44.6,hours,44.6,hours,No,Assured,0.94,0.75,extract-agent-v1.2,No,D1-DOC2021,51
D1-MR00613,DEAL001,COMP001,,SOC_LTIFR,2021,0.2,per million hrs,0.2,per million hrs,No,Assured,0.88,0.85,extract-agent-v1.2,No,D1-DOC2021,71
D1-MR00614,DEAL001,COMP001,,SOC_ESAT,2021,76.79,score,76.79,score,No,Assured,0.93,0.8,extract-agent-v1.2,No,D1-DOC2021,88
D1-MR00615,DEAL001,COMP001,,GOV_BOARD_INDEP_PCT,2021,53.63,%,53.63,%,No,Assured,0.85,0.89,extract-agent-v1.2,No,D1-DOC2021,49
D1-MR00616,DEAL001,COMP001,,GOV_WOMEN_BOARD_PCT,2021,23.4,%,23.4,%,No,Assured,0.98,0.86,extract-agent-v1.2,No,D1-DOC2021,86
D1-MR00617,DEAL001,COMP001,,GOV_DATA_BREACH,2021,2,count,2,count,No,Assured,0.84,0.89,extract-agent-v1.2,No,D1-DOC2021,38
D1-MR00618,DEAL001,COMP001,,GOV_ETHICS_CASES,2021,23,count,23,count,No,Assured,0.86,0.75,extract-agent-v1.2,No,D1-DOC2021,53
D1-MRF000193,DEAL001,COMP001,D1-FAC01,ENV_SCOPE2,2021,24941.21,tCO2e,24941.21,tCO2e,No,Assured,0.82,0.71,extract-agent-v1.2,No,D1-DOC2021,63
D1-MRF000194,DEAL001,COMP001,D1-FAC01,ENV_ENERGY,2021,103867.6,MWh,103867.6,MWh,No,Assured,0.89,0.8,extract-agent-v1.2,No,D1-DOC2021,78
D1-MRF000195,DEAL001,COMP001,D1-FAC01,ENV_WATER,2021,0.28,ML,0.28,ML,No,Assured,0.93,0.88,extract-agent-v1.2,No,D1-DOC2021,71
D1-MRF000196,DEAL001,COMP001,D1-FAC02,ENV_SCOPE2,2021,25510.36,tCO2e,25510.36,tCO2e,No,Assured,0.81,0.76,extract-agent-v1.2,No,D1-DOC2021,30
D1-MRF000197,DEAL001,COMP001,D1-FAC02,ENV_ENERGY,2021,101110.17,MWh,101110.17,MWh,No,Assured,0.81,0.78,extract-agent-v1.2,No,D1-DOC2021,26
D1-MRF000198,DEAL001,COMP001,D1-FAC02,ENV_WATER,2021,0.28,ML,0.28,ML,No,Assured,0.84,0.94,extract-agent-v1.2,No,D1-DOC2021,56
D1-MRF000199,DEAL001,COMP001,D1-FAC05,ENV_SCOPE2,2021,25417.14,tCO2e,25417.14,tCO2e,No,Assured,0.85,0.89,extract-agent-v1.2,No,D1-DOC2021,25
D1-MRF000200,DEAL001,COMP001,D1-FAC05,ENV_ENERGY,2021,99631.76,MWh,99631.76,MWh,No,Assured,0.96,0.92,extract-agent-v1.2,No,D1-DOC2021,32
D1-MRF000201,DEAL001,COMP001,D1-FAC05,ENV_WATER,2021,0.27,ML,0.27,ML,No,Assured,0.96,0.86,extract-agent-v1.2,No,D1-DOC2021,82
D1-MRF000202,DEAL001,COMP001,D1-FAC03,ENV_DC_PUE,2021,1.65,ratio,1.65,ratio,No,Assured,0.8,0.73,extract-agent-v1.2,No,D1-DOC2021,34
D1-MR00700,DEAL001,COMP001,,ENV_SCOPE1,2022,10209.27,tCO2e,10209.27,tCO2e,No,Assured,0.83,0.86,extract-agent-v1.2,Yes,D1-DOC2022,28
D1-MR00701,DEAL001,COMP001,,ENV_SCOPE2,2022,117942.22,tCO2e,117942.22,tCO2e,No,Assured,0.91,0.77,extract-agent-v1.2,Yes,D1-DOC2022,28
D1-MR00702,DEAL001,COMP001,,ENV_SCOPE3,2022,374397.45,tCO2e,374397.45,tCO2e,No,Assured,0.98,0.89,extract-agent-v1.2,Yes,D1-DOC2022,48
D1-MR00703,DEAL001,COMP001,,ENV_ENERGY,2022,541695.13,MWh,541695.13,MWh,No,Assured,0.98,0.77,extract-agent-v1.2,Yes,D1-DOC2022,37
D1-MR00704,DEAL001,COMP001,,ENV_RENEW_PCT,2022,39.02,%,39.02,%,No,Assured,0.86,0.78,extract-agent-v1.2,Yes,D1-DOC2022,46
D1-MR00705,DEAL001,COMP001,,ENV_DC_PUE,2022,1.57,ratio,1.57,ratio,No,Assured,0.89,0.84,extract-agent-v1.2,Yes,D1-DOC2022,28
D1-MR00706,DEAL001,COMP001,,ENV_WATER,2022,1.45,ML,1.45,ML,No,Assured,0.93,0.93,extract-agent-v1.2,Yes,D1-DOC2022,66
D1-MR00707,DEAL001,COMP001,,ENV_EWASTE,2022,304.96,tonnes,304.96,tonnes,No,Assured,0.93,0.91,extract-agent-v1.2,Yes,D1-DOC2022,40
D1-MR00708,DEAL001,COMP001,,ENV_EWASTE_REC_PCT,2022,82.8,%,82.8,%,No,Assured,0.9,0.84,extract-agent-v1.2,Yes,D1-DOC2022,14
D1-MR00709,DEAL001,COMP001,,SOC_HEADCOUNT,2022,35581,count,35581,count,No,Assured,0.96,0.87,extract-agent-v1.2,Yes,D1-DOC2022,20
D1-MR00710,DEAL001,COMP001,,SOC_FEMALE_PCT,2022,36.34,%,36.34,%,No,Assured,0.83,0.79,extract-agent-v1.2,Yes,D1-DOC2022,77
D1-MR00711,DEAL001,COMP001,,SOC_ATTRITION,2022,22.17,%,22.17,%,No,Assured,0.87,0.73,extract-agent-v1.2,Yes,D1-DOC2022,16
D1-MR00712,DEAL001,COMP001,,SOC_TRAIN_HRS,2022,47.35,hours,47.35,hours,No,Assured,0.94,0.98,extract-agent-v1.2,Yes,D1-DOC2022,62
D1-MR00713,DEAL001,COMP001,,SOC_LTIFR,2022,0.17,per million hrs,0.17,per million hrs,No,Assured,0.96,0.74,extract-agent-v1.2,Yes,D1-DOC2022,27
D1-MR00714,DEAL001,COMP001,,SOC_ESAT,2022,76.46,score,76.46,score,No,Assured,0.92,0.82,extract-agent-v1.2,Yes,D1-DOC2022,27
D1-MR00715,DEAL001,COMP001,,GOV_BOARD_INDEP_PCT,2022,55.99,%,55.99,%,No,Assured,0.85,0.85,extract-agent-v1.2,Yes,D1-DOC2022,17
D1-MR00716,DEAL001,COMP001,,GOV_WOMEN_BOARD_PCT,2022,25.8,%,25.8,%,No,Assured,0.96,0.79,extract-agent-v1.2,Yes,D1-DOC2022,35
D1-MR00717,DEAL001,COMP001,,GOV_DATA_BREACH,2022,2,count,2,count,No,Assured,0.98,0.82,extract-agent-v1.2,Yes,D1-DOC2022,88
D1-MR00718,DEAL001,COMP001,,GOV_ETHICS_CASES,2022,24,count,24,count,No,Assured,0.86,0.87,extract-agent-v1.2,Yes,D1-DOC2022,43
D1-MRF000222,DEAL001,COMP001,D1-FAC01,ENV_SCOPE2,2022,22782.36,tCO2e,22782.36,tCO2e,No,Assured,0.84,0.77,extract-agent-v1.2,Yes,D1-DOC2022,82
D1-MRF000223,DEAL001,COMP001,D1-FAC01,ENV_ENERGY,2022,109876.86,MWh,109876.86,MWh,No,Assured,0.95,0.87,extract-agent-v1.2,Yes,D1-DOC2022,65
D1-MRF000224,DEAL001,COMP001,D1-FAC01,ENV_WATER,2022,0.28,ML,0.28,ML,No,Assured,0.94,0.75,extract-agent-v1.2,Yes,D1-DOC2022,41
D1-MRF000225,DEAL001,COMP001,D1-FAC02,ENV_SCOPE2,2022,22502.27,tCO2e,22502.27,tCO2e,No,Assured,0.92,0.88,extract-agent-v1.2,Yes,D1-DOC2022,56
D1-MRF000226,DEAL001,COMP001,D1-FAC02,ENV_ENERGY,2022,109720.57,MWh,109720.57,MWh,No,Assured,0.82,0.95,extract-agent-v1.2,Yes,D1-DOC2022,41
D1-MRF000227,DEAL001,COMP001,D1-FAC02,ENV_WATER,2022,0.29,ML,0.29,ML,No,Assured,0.81,0.77,extract-agent-v1.2,Yes,D1-DOC2022,62
D1-MRF000228,DEAL001,COMP001,D1-FAC05,ENV_SCOPE2,2022,23155.62,tCO2e,23155.62,tCO2e,No,Assured,0.83,0.79,extract-agent-v1.2,Yes,D1-DOC2022,50
D1-MRF000229,DEAL001,COMP001,D1-FAC05,ENV_ENERGY,2022,105238.81,MWh,105238.81,MWh,No,Assured,0.96,0.95,extract-agent-v1.2,Yes,D1-DOC2022,84
D1-MRF000230,DEAL001,COMP001,D1-FAC05,ENV_WATER,2022,0.28,ML,0.28,ML,No,Assured,0.94,0.71,extract-agent-v1.2,Yes,D1-DOC2022,21
D1-MRF000231,DEAL001,COMP001,D1-FAC03,ENV_DC_PUE,2022,1.58,ratio,1.58,ratio,No,Assured,0.86,0.86,extract-agent-v1.2,Yes,D1-DOC2022,20
D1-MR00800,DEAL001,COMP001,,ENV_SCOPE1,2023,9617.96,tCO2e,9617.96,tCO2e,No,Assured,0.95,0.82,extract-agent-v1.2,Yes,D1-DOC2023,48
D1-MR00801,DEAL001,COMP001,,ENV_SCOPE2,2023,107334.14,tCO2e,107334.14,tCO2e,No,Assured,0.97,0.73,extract-agent-v1.2,Yes,D1-DOC2023,29
D1-MR00802,DEAL001,COMP001,,ENV_SCOPE3,2023,404947.09,tCO2e,404947.09,tCO2e,No,Assured,0.83,0.85,extract-agent-v1.2,Yes,D1-DOC2023,69
D1-MR00803,DEAL001,COMP001,,ENV_ENERGY,2023,571534.7,MWh,571534.7,MWh,No,Assured,0.94,0.74,extract-agent-v1.2,Yes,D1-DOC2023,56
D1-MR00804,DEAL001,COMP001,,ENV_RENEW_PCT,2023,44.18,%,44.18,%,No,Assured,0.98,0.97,extract-agent-v1.2,Yes,D1-DOC2023,25
D1-MR00805,DEAL001,COMP001,,ENV_DC_PUE,2023,1.52,ratio,1.52,ratio,No,Assured,0.86,0.71,extract-agent-v1.2,Yes,D1-DOC2023,86
D1-MR00806,DEAL001,COMP001,,ENV_WATER,2023,1.53,ML,1.53,ML,No,Assured,0.91,0.8,extract-agent-v1.2,Yes,D1-DOC2023,58
D1-MR00807,DEAL001,COMP001,,ENV_EWASTE,2023,328.57,tonnes,328.57,tonnes,No,Assured,0.85,0.75,extract-agent-v1.2,Yes,D1-DOC2023,21
D1-MR00808,DEAL001,COMP001,,ENV_EWASTE_REC_PCT,2023,87.26,%,87.26,%,No,Assured,0.82,0.82,extract-agent-v1.2,Yes,D1-DOC2023,59
D1-MR00809,DEAL001,COMP001,,SOC_HEADCOUNT,2023,37456,count,37456,count,No,Assured,0.91,0.81,extract-agent-v1.2,Yes,D1-DOC2023,20
D1-MR00810,DEAL001,COMP001,,SOC_FEMALE_PCT,2023,37.39,%,37.39,%,No,Assured,0.93,0.93,extract-agent-v1.2,Yes,D1-DOC2023,48
D1-MR00811,DEAL001,COMP001,,SOC_ATTRITION,2023,13.9,%,13.9,%,No,Assured,0.89,0.81,extract-agent-v1.2,Yes,D1-DOC2023,37
D1-MR00812,DEAL001,COMP001,,SOC_TRAIN_HRS,2023,51.39,hours,51.39,hours,No,Assured,0.85,0.78,extract-agent-v1.2,Yes,D1-DOC2023,23
D1-MR00813,DEAL001,COMP001,,SOC_LTIFR,2023,0.13,per million hrs,0.13,per million hrs,No,Assured,0.97,0.7,extract-agent-v1.2,Yes,D1-DOC2023,87
D1-MR00814,DEAL001,COMP001,,SOC_ESAT,2023,77.18,score,77.18,score,No,Assured,0.95,0.72,extract-agent-v1.2,Yes,D1-DOC2023,51
D1-MR00815,DEAL001,COMP001,,GOV_BOARD_INDEP_PCT,2023,57.5,%,57.5,%,No,Assured,0.95,0.78,extract-agent-v1.2,Yes,D1-DOC2023,86
D1-MR00816,DEAL001,COMP001,,GOV_WOMEN_BOARD_PCT,2023,27.71,%,27.71,%,No,Assured,0.92,0.94,extract-agent-v1.2,Yes,D1-DOC2023,82
D1-MR00817,DEAL001,COMP001,,GOV_DATA_BREACH,2023,4,count,4,count,No,Assured,0.91,0.73,extract-agent-v1.2,Yes,D1-DOC2023,39
D1-MR00818,DEAL001,COMP001,,GOV_ETHICS_CASES,2023,25,count,25,count,No,Assured,0.97,0.96,extract-agent-v1.2,Yes,D1-DOC2023,88
D1-MRF000251,DEAL001,COMP001,D1-FAC01,ENV_SCOPE2,2023,20358.65,tCO2e,20358.65,tCO2e,No,Assured,0.9,0.71,extract-agent-v1.2,Yes,D1-DOC2023,21
D1-MRF000252,DEAL001,COMP001,D1-FAC01,ENV_ENERGY,2023,112324.31,MWh,112324.31,MWh,No,Assured,0.84,0.78,extract-agent-v1.2,Yes,D1-DOC2023,80
D1-MRF000253,DEAL001,COMP001,D1-FAC01,ENV_WATER,2023,0.31,ML,0.31,ML,No,Assured,0.93,0.72,extract-agent-v1.2,Yes,D1-DOC2023,65
D1-MRF000254,DEAL001,COMP001,D1-FAC02,ENV_SCOPE2,2023,21017.32,tCO2e,21017.32,tCO2e,No,Assured,0.85,0.93,extract-agent-v1.2,Yes,D1-DOC2023,60
D1-MRF000255,DEAL001,COMP001,D1-FAC02,ENV_ENERGY,2023,118783.86,MWh,118783.86,MWh,No,Assured,0.84,0.94,extract-agent-v1.2,Yes,D1-DOC2023,68
D1-MRF000256,DEAL001,COMP001,D1-FAC02,ENV_WATER,2023,0.31,ML,0.31,ML,No,Assured,0.84,0.84,extract-agent-v1.2,Yes,D1-DOC2023,30
D1-MRF000257,DEAL001,COMP001,D1-FAC05,ENV_SCOPE2,2023,21644.95,tCO2e,21644.95,tCO2e,No,Assured,0.91,0.88,extract-agent-v1.2,Yes,D1-DOC2023,15
D1-MRF000258,DEAL001,COMP001,D1-FAC05,ENV_ENERGY,2023,111745.2,MWh,111745.2,MWh,No,Assured,0.9,0.89,extract-agent-v1.2,Yes,D1-DOC2023,30
D1-MRF000259,DEAL001,COMP001,D1-FAC05,ENV_WATER,2023,0.31,ML,0.31,ML,No,Assured,0.83,0.71,extract-agent-v1.2,Yes,D1-DOC2023,36
D1-MRF000260,DEAL001,COMP001,D1-FAC03,ENV_DC_PUE,2023,1.52,ratio,1.52,ratio,No,Assured,0.86,0.82,extract-agent-v1.2,Yes,D1-DOC2023,47
D1-MR00900,DEAL001,COMP001,,ENV_SCOPE1,2024,9314.87,tCO2e,9314.87,tCO2e,No,Assured,0.93,0.78,extract-agent-v1.2,Yes,D1-DOC2024,72
D1-MR00901,DEAL001,COMP001,,ENV_SCOPE2,2024,96101.64,tCO2e,96101.64,tCO2e,No,Assured,0.82,0.8,extract-agent-v1.2,Yes,D1-DOC2024,14
D1-MR00902,DEAL001,COMP001,,ENV_SCOPE3,2024,427215.44,tCO2e,427215.44,tCO2e,No,Assured,0.93,0.7,extract-agent-v1.2,Yes,D1-DOC2024,61
D1-MR00903,DEAL001,COMP001,,ENV_ENERGY,2024,609562.21,MWh,609562.21,MWh,No,Assured,0.94,0.95,extract-agent-v1.2,Yes,D1-DOC2024,15
D1-MR00904,DEAL001,COMP001,,ENV_RENEW_PCT,2024,48.57,%,48.57,%,No,Assured,0.89,0.87,extract-agent-v1.2,Yes,D1-DOC2024,31
D1-MR00905,DEAL001,COMP001,,ENV_DC_PUE,2024,1.41,ratio,1.41,ratio,No,Assured,0.91,0.97,extract-agent-v1.2,Yes,D1-DOC2024,70
D1-MR00906,DEAL001,COMP001,,ENV_WATER,2024,1.6,ML,1.6,ML,No,Assured,0.84,0.7,extract-agent-v1.2,Yes,D1-DOC2024,72
D1-MR00907,DEAL001,COMP001,,ENV_EWASTE,2024,346.49,tonnes,346.49,tonnes,No,Assured,0.97,0.95,extract-agent-v1.2,Yes,D1-DOC2024,22
D1-MR00908,DEAL001,COMP001,,ENV_EWASTE_REC_PCT,2024,91.06,%,91.06,%,No,Assured,0.86,0.84,extract-agent-v1.2,Yes,D1-DOC2024,26
D1-MR00909,DEAL001,COMP001,,SOC_HEADCOUNT,2024,40704,count,40704,count,No,Assured,0.87,0.83,extract-agent-v1.2,Yes,D1-DOC2024,72
D1-MR00910,DEAL001,COMP001,,SOC_FEMALE_PCT,2024,38.26,%,38.26,%,No,Assured,0.85,0.71,extract-agent-v1.2,Yes,D1-DOC2024,40
D1-MR00911,DEAL001,COMP001,,SOC_ATTRITION,2024,13.25,%,13.25,%,No,Assured,0.86,0.76,extract-agent-v1.2,Yes,D1-DOC2024,78
D1-MR00912,DEAL001,COMP001,,SOC_TRAIN_HRS,2024,55.9,hours,55.9,hours,No,Assured,0.87,0.91,extract-agent-v1.2,Yes,D1-DOC2024,68
D1-MR00913,DEAL001,COMP001,,SOC_LTIFR,2024,0.1,per million hrs,0.1,per million hrs,No,Assured,0.95,0.73,extract-agent-v1.2,Yes,D1-DOC2024,69
D1-MR00914,DEAL001,COMP001,,SOC_ESAT,2024,80.4,score,80.4,score,No,Assured,0.9,0.83,extract-agent-v1.2,Yes,D1-DOC2024,49
D1-MR00915,DEAL001,COMP001,,GOV_BOARD_INDEP_PCT,2024,60.81,%,60.81,%,No,Assured,0.85,0.74,extract-agent-v1.2,Yes,D1-DOC2024,65
D1-MR00916,DEAL001,COMP001,,GOV_WOMEN_BOARD_PCT,2024,30.22,%,30.22,%,No,Assured,0.95,0.93,extract-agent-v1.2,Yes,D1-DOC2024,50
D1-MR00917,DEAL001,COMP001,,GOV_DATA_BREACH,2024,2,count,2,count,No,Assured,0.89,0.89,extract-agent-v1.2,Yes,D1-DOC2024,47
D1-MR00918,DEAL001,COMP001,,GOV_ETHICS_CASES,2024,26,count,26,count,No,Assured,0.82,0.83,extract-agent-v1.2,Yes,D1-DOC2024,80
D1-MRF000280,DEAL001,COMP001,D1-FAC01,ENV_SCOPE2,2024,18741.07,tCO2e,18741.07,tCO2e,No,Assured,0.82,0.93,extract-agent-v1.2,Yes,D1-DOC2024,88
D1-MRF000281,DEAL001,COMP001,D1-FAC01,ENV_ENERGY,2024,124515.6,MWh,124515.6,MWh,No,Assured,0.81,0.86,extract-agent-v1.2,Yes,D1-DOC2024,14
D1-MRF000282,DEAL001,COMP001,D1-FAC01,ENV_WATER,2024,0.33,ML,0.33,ML,No,Assured,0.94,0.76,extract-agent-v1.2,Yes,D1-DOC2024,75
D1-MRF000283,DEAL001,COMP001,D1-FAC02,ENV_SCOPE2,2024,18552.95,tCO2e,18552.95,tCO2e,No,Assured,0.97,0.86,extract-agent-v1.2,Yes,D1-DOC2024,65
D1-MRF000284,DEAL001,COMP001,D1-FAC02,ENV_ENERGY,2024,120191.84,MWh,120191.84,MWh,No,Assured,0.94,0.79,extract-agent-v1.2,Yes,D1-DOC2024,71
D1-MRF000285,DEAL001,COMP001,D1-FAC02,ENV_WATER,2024,0.33,ML,0.33,ML,No,Assured,0.91,0.84,extract-agent-v1.2,Yes,D1-DOC2024,67
D1-MRF000286,DEAL001,COMP001,D1-FAC05,ENV_SCOPE2,2024,19540.7,tCO2e,19540.7,tCO2e,No,Assured,0.87,0.71,extract-agent-v1.2,Yes,D1-DOC2024,55
D1-MRF000287,DEAL001,COMP001,D1-FAC05,ENV_ENERGY,2024,124214.98,MWh,124214.98,MWh,No,Assured,0.87,0.71,extract-agent-v1.2,Yes,D1-DOC2024,87
D1-MRF000288,DEAL001,COMP001,D1-FAC05,ENV_WATER,2024,0.33,ML,0.33,ML,No,Assured,0.8,0.92,extract-agent-v1.2,Yes,D1-DOC2024,41
D1-MRF000289,DEAL001,COMP001,D1-FAC03,ENV_DC_PUE,2024,1.41,ratio,1.41,ratio,No,Assured,0.87,0.76,extract-agent-v1.2,Yes,D1-DOC2024,64
D2-MR00000,DEAL002,COMP002,,ENV_SCOPE1,2015,7319.47,tCO2e,7319.47,tCO2e,No,Unaudited,0.86,0.74,extract-agent-v1.2,No,D2-DOC2015,24
D2-MR00001,DEAL002,COMP002,,ENV_SCOPE2,2015,110319.45,tCO2e,110319.45,tCO2e,No,Unaudited,0.86,0.97,extract-agent-v1.2,No,D2-DOC2015,81
D2-MR00002,DEAL002,COMP002,,ENV_SCOPE3,2015,141990.68,tCO2e,141990.68,tCO2e,Yes,Unaudited,0.94,0.88,extract-agent-v1.2,No,D2-DOC2015,80
D2-MR00003,DEAL002,COMP002,,ENV_ENERGY,2015,195139.06,MWh,195139.06,MWh,No,Unaudited,0.95,0.74,extract-agent-v1.2,No,D2-DOC2015,61
D2-MR00004,DEAL002,COMP002,,ENV_RENEW_PCT,2015,-9.37,%,-9.37,%,No,Unaudited,0.83,0.72,extract-agent-v1.2,No,D2-DOC2015,41
D2-MR00005,DEAL002,COMP002,,ENV_DC_PUE,2015,2.38,ratio,2.38,ratio,No,Unaudited,0.93,0.86,extract-agent-v1.2,No,D2-DOC2015,39
D2-MR00006,DEAL002,COMP002,,ENV_WATER,2015,0.54,ML,0.54,ML,No,Unaudited,0.94,0.9,extract-agent-v1.2,No,D2-DOC2015,23
D2-MR00007,DEAL002,COMP002,,ENV_EWASTE,2015,106.15,tonnes,106.15,tonnes,No,Unaudited,0.87,0.85,extract-agent-v1.2,No,D2-DOC2015,41
D2-MR00008,DEAL002,COMP002,,ENV_EWASTE_REC_PCT,2015,45.07,%,45.07,%,No,Unaudited,0.86,0.76,extract-agent-v1.2,No,D2-DOC2015,14
D2-MR00009,DEAL002,COMP002,,SOC_HEADCOUNT,2015,8411,count,8411,count,No,Unaudited,0.95,0.78,extract-agent-v1.2,No,D2-DOC2015,59
D2-MR00010,DEAL002,COMP002,,SOC_FEMALE_PCT,2015,22.02,%,22.02,%,No,Unaudited,0.86,0.93,extract-agent-v1.2,No,D2-DOC2015,26
D2-MR00011,DEAL002,COMP002,,SOC_ATTRITION,2015,20.2,%,20.2,%,No,Unaudited,0.96,0.88,extract-agent-v1.2,No,D2-DOC2015,57
D2-MR00012,DEAL002,COMP002,,SOC_TRAIN_HRS,2015,15.9,hours,15.9,hours,No,Unaudited,0.89,0.74,extract-agent-v1.2,No,D2-DOC2015,48
D2-MR00013,DEAL002,COMP002,,SOC_LTIFR,2015,0.51,per million hrs,0.51,per million hrs,No,Unaudited,0.84,0.73,extract-agent-v1.2,No,D2-DOC2015,64
D2-MR00014,DEAL002,COMP002,,SOC_ESAT,2015,63.41,score,63.41,score,No,Unaudited,0.99,0.88,extract-agent-v1.2,No,D2-DOC2015,20
D2-MR00015,DEAL002,COMP002,,GOV_BOARD_INDEP_PCT,2015,31.51,%,31.51,%,No,Unaudited,0.88,0.73,extract-agent-v1.2,No,D2-DOC2015,20
D2-MR00016,DEAL002,COMP002,,GOV_WOMEN_BOARD_PCT,2015,1.63,%,1.63,%,No,Unaudited,0.95,0.76,extract-agent-v1.2,No,D2-DOC2015,16
D2-MR00017,DEAL002,COMP002,,GOV_DATA_BREACH,2015,1,count,1,count,No,Unaudited,0.92,0.77,extract-agent-v1.2,No,D2-DOC2015,30
D2-MR00018,DEAL002,COMP002,,GOV_ETHICS_CASES,2015,14,count,14,count,No,Unaudited,0.89,0.7,extract-agent-v1.2,No,D2-DOC2015,58
D2-MRF000309,DEAL002,COMP002,D2-FAC01,ENV_SCOPE2,2015,22222.25,tCO2e,22222.25,tCO2e,No,Unaudited,0.97,0.73,extract-agent-v1.2,No,D2-DOC2015,56
D2-MRF000310,DEAL002,COMP002,D2-FAC01,ENV_ENERGY,2015,39182.3,MWh,39182.3,MWh,No,Unaudited,0.81,0.76,extract-agent-v1.2,No,D2-DOC2015,40
D2-MRF000311,DEAL002,COMP002,D2-FAC01,ENV_WATER,2015,0.11,ML,0.11,ML,No,Unaudited,0.8,0.76,extract-agent-v1.2,No,D2-DOC2015,17
D2-MRF000312,DEAL002,COMP002,D2-FAC02,ENV_SCOPE2,2015,22044.36,tCO2e,22044.36,tCO2e,No,Unaudited,0.85,0.87,extract-agent-v1.2,No,D2-DOC2015,49
D2-MRF000313,DEAL002,COMP002,D2-FAC02,ENV_ENERGY,2015,39903.76,MWh,39903.76,MWh,No,Unaudited,0.84,0.74,extract-agent-v1.2,No,D2-DOC2015,32
D2-MRF000314,DEAL002,COMP002,D2-FAC02,ENV_WATER,2015,0.11,ML,0.11,ML,No,Unaudited,0.84,0.84,extract-agent-v1.2,No,D2-DOC2015,68
D2-MRF000315,DEAL002,COMP002,D2-FAC05,ENV_SCOPE2,2015,22292.58,tCO2e,22292.58,tCO2e,No,Unaudited,0.87,0.9,extract-agent-v1.2,No,D2-DOC2015,18
D2-MRF000316,DEAL002,COMP002,D2-FAC05,ENV_ENERGY,2015,39411.24,MWh,39411.24,MWh,No,Unaudited,0.93,0.88,extract-agent-v1.2,No,D2-DOC2015,88
D2-MRF000317,DEAL002,COMP002,D2-FAC05,ENV_WATER,2015,0.11,ML,0.11,ML,No,Unaudited,0.89,0.89,extract-agent-v1.2,No,D2-DOC2015,71
D2-MRF000318,DEAL002,COMP002,D2-FAC03,ENV_DC_PUE,2015,2.39,ratio,2.39,ratio,No,Unaudited,0.93,0.73,extract-agent-v1.2,No,D2-DOC2015,28
D2-MR00100,DEAL002,COMP002,,ENV_SCOPE1,2016,7107.96,tCO2e,7107.96,tCO2e,No,Unaudited,0.88,0.87,extract-agent-v1.2,No,D2-DOC2016,27
D2-MR00101,DEAL002,COMP002,,ENV_SCOPE2,2016,103888.78,tCO2e,103888.78,tCO2e,No,Unaudited,0.97,0.71,extract-agent-v1.2,No,D2-DOC2016,84
D2-MR00102,DEAL002,COMP002,,ENV_SCOPE3,2016,157837.92,tCO2e,157837.92,tCO2e,Yes,Unaudited,0.97,0.92,extract-agent-v1.2,No,D2-DOC2016,54
D2-MR00103,DEAL002,COMP002,,ENV_ENERGY,2016,212845.32,MWh,212845.32,MWh,No,Unaudited,0.87,0.84,extract-agent-v1.2,No,D2-DOC2016,63
D2-MR00104,DEAL002,COMP002,,ENV_RENEW_PCT,2016,-4.66,%,-4.66,%,No,Unaudited,0.95,0.95,extract-agent-v1.2,No,D2-DOC2016,64
D2-MR00105,DEAL002,COMP002,,ENV_DC_PUE,2016,2.27,ratio,2.27,ratio,No,Unaudited,0.91,0.78,extract-agent-v1.2,No,D2-DOC2016,51
D2-MR00106,DEAL002,COMP002,,ENV_WATER,2016,0.59,ML,0.59,ML,No,Unaudited,0.87,0.73,extract-agent-v1.2,No,D2-DOC2016,49
D2-MR00107,DEAL002,COMP002,,ENV_EWASTE,2016,119.25,tonnes,119.25,tonnes,No,Unaudited,0.87,0.74,extract-agent-v1.2,No,D2-DOC2016,15
D2-MR00108,DEAL002,COMP002,,ENV_EWASTE_REC_PCT,2016,49.19,%,49.19,%,No,Unaudited,0.96,0.72,extract-agent-v1.2,No,D2-DOC2016,70
D2-MR00109,DEAL002,COMP002,,SOC_HEADCOUNT,2016,10199,count,10199,count,No,Unaudited,0.88,0.84,extract-agent-v1.2,No,D2-DOC2016,52
D2-MR00110,DEAL002,COMP002,,SOC_FEMALE_PCT,2016,23.29,%,23.29,%,No,Unaudited,0.9,0.71,extract-agent-v1.2,No,D2-DOC2016,21
D2-MR00111,DEAL002,COMP002,,SOC_ATTRITION,2016,20.18,%,20.18,%,No,Unaudited,0.92,0.71,extract-agent-v1.2,No,D2-DOC2016,29
D2-MR00112,DEAL002,COMP002,,SOC_TRAIN_HRS,2016,19.13,hours,19.13,hours,No,Unaudited,0.98,0.84,extract-agent-v1.2,No,D2-DOC2016,21
D2-MR00113,DEAL002,COMP002,,SOC_LTIFR,2016,0.48,per million hrs,0.48,per million hrs,No,Unaudited,0.89,0.79,extract-agent-v1.2,No,D2-DOC2016,36
D2-MR00114,DEAL002,COMP002,,SOC_ESAT,2016,63.8,score,63.8,score,No,Unaudited,0.96,0.78,extract-agent-v1.2,No,D2-DOC2016,54
D2-MR00115,DEAL002,COMP002,,GOV_BOARD_INDEP_PCT,2016,33.28,%,33.28,%,No,Unaudited,0.82,0.73,extract-agent-v1.2,No,D2-DOC2016,87
D2-MR00116,DEAL002,COMP002,,GOV_WOMEN_BOARD_PCT,2016,3.81,%,3.81,%,No,Unaudited,0.84,0.94,extract-agent-v1.2,No,D2-DOC2016,62
D2-MR00117,DEAL002,COMP002,,GOV_DATA_BREACH,2016,1,count,1,count,No,Unaudited,0.92,0.98,extract-agent-v1.2,No,D2-DOC2016,62
D2-MR00118,DEAL002,COMP002,,GOV_ETHICS_CASES,2016,15,count,15,count,No,Unaudited,0.87,0.85,extract-agent-v1.2,No,D2-DOC2016,17
D2-MRF000338,DEAL002,COMP002,D2-FAC01,ENV_SCOPE2,2016,20720.02,tCO2e,20720.02,tCO2e,No,Unaudited,0.81,0.84,extract-agent-v1.2,No,D2-DOC2016,69
D2-MRF000339,DEAL002,COMP002,D2-FAC01,ENV_ENERGY,2016,41222.82,MWh,41222.82,MWh,No,Unaudited,0.87,0.84,extract-agent-v1.2,No,D2-DOC2016,60
D2-MRF000340,DEAL002,COMP002,D2-FAC01,ENV_WATER,2016,0.12,ML,0.12,ML,No,Unaudited,0.81,0.8,extract-agent-v1.2,No,D2-DOC2016,61
D2-MRF000341,DEAL002,COMP002,D2-FAC02,ENV_SCOPE2,2016,20575.11,tCO2e,20575.11,tCO2e,No,Unaudited,0.98,0.84,extract-agent-v1.2,No,D2-DOC2016,15
D2-MRF000342,DEAL002,COMP002,D2-FAC02,ENV_ENERGY,2016,42167.95,MWh,42167.95,MWh,No,Unaudited,0.92,0.86,extract-agent-v1.2,No,D2-DOC2016,32
D2-MRF000343,DEAL002,COMP002,D2-FAC02,ENV_WATER,2016,0.12,ML,0.12,ML,No,Unaudited,0.95,0.85,extract-agent-v1.2,No,D2-DOC2016,52
D2-MRF000344,DEAL002,COMP002,D2-FAC05,ENV_SCOPE2,2016,21170.57,tCO2e,21170.57,tCO2e,No,Unaudited,0.84,0.87,extract-agent-v1.2,No,D2-DOC2016,43
D2-MRF000345,DEAL002,COMP002,D2-FAC05,ENV_ENERGY,2016,40640.48,MWh,40640.48,MWh,No,Unaudited,0.83,0.82,extract-agent-v1.2,No,D2-DOC2016,34
D2-MRF000346,DEAL002,COMP002,D2-FAC05,ENV_WATER,2016,0.12,ML,0.12,ML,No,Unaudited,0.97,0.73,extract-agent-v1.2,No,D2-DOC2016,40
D2-MRF000347,DEAL002,COMP002,D2-FAC03,ENV_DC_PUE,2016,2.26,ratio,2.26,ratio,No,Unaudited,0.87,0.92,extract-agent-v1.2,No,D2-DOC2016,57
D2-MR00200,DEAL002,COMP002,,ENV_SCOPE1,2017,6933.9,tCO2e,6933.9,tCO2e,No,Unaudited,0.88,0.7,extract-agent-v1.2,No,D2-DOC2017,39
D2-MR00201,DEAL002,COMP002,,ENV_SCOPE2,2017,100109.12,tCO2e,100109.12,tCO2e,No,Unaudited,0.92,0.98,extract-agent-v1.2,No,D2-DOC2017,76
D2-MR00202,DEAL002,COMP002,,ENV_SCOPE3,2017,167477.36,tCO2e,167477.36,tCO2e,Yes,Unaudited,0.89,0.89,extract-agent-v1.2,No,D2-DOC2017,43
D2-MR00203,DEAL002,COMP002,,ENV_ENERGY,2017,232711.54,MWh,232711.54,MWh,No,Unaudited,0.87,0.81,extract-agent-v1.2,No,D2-DOC2017,42
D2-MR00204,DEAL002,COMP002,,ENV_RENEW_PCT,2017,-0.07,%,-0.07,%,No,Unaudited,0.87,0.72,extract-agent-v1.2,No,D2-DOC2017,42
D2-MR00205,DEAL002,COMP002,,ENV_DC_PUE,2017,2.23,ratio,2.23,ratio,No,Unaudited,0.93,0.9,extract-agent-v1.2,No,D2-DOC2017,65
D2-MR00206,DEAL002,COMP002,,ENV_WATER,2017,0.63,ML,0.63,ML,No,Unaudited,0.88,0.91,extract-agent-v1.2,No,D2-DOC2017,24
D2-MR00207,DEAL002,COMP002,,ENV_EWASTE,2017,127.52,tonnes,127.52,tonnes,No,Unaudited,0.96,0.81,extract-agent-v1.2,No,D2-DOC2017,79
D2-MR00208,DEAL002,COMP002,,ENV_EWASTE_REC_PCT,2017,51.93,%,51.93,%,No,Unaudited,0.84,0.97,extract-agent-v1.2,No,D2-DOC2017,84
D2-MR00209,DEAL002,COMP002,,SOC_HEADCOUNT,2017,12227,count,12227,count,No,Unaudited,0.93,0.82,extract-agent-v1.2,No,D2-DOC2017,42
D2-MR00210,DEAL002,COMP002,,SOC_FEMALE_PCT,2017,25.04,%,25.04,%,No,Unaudited,0.95,0.81,extract-agent-v1.2,No,D2-DOC2017,16
D2-MR00211,DEAL002,COMP002,,SOC_ATTRITION,2017,19.91,%,19.91,%,No,Unaudited,0.82,0.8,extract-agent-v1.2,No,D2-DOC2017,22
D2-MR00212,DEAL002,COMP002,,SOC_TRAIN_HRS,2017,22.56,hours,22.56,hours,No,Unaudited,0.91,0.92,extract-agent-v1.2,No,D2-DOC2017,53
D2-MR00213,DEAL002,COMP002,,SOC_LTIFR,2017,0.44,per million hrs,0.44,per million hrs,No,Unaudited,0.89,0.82,extract-agent-v1.2,No,D2-DOC2017,85
D2-MR00214,DEAL002,COMP002,,SOC_ESAT,2017,65.18,score,65.18,score,No,Unaudited,0.99,0.93,extract-agent-v1.2,No,D2-DOC2017,25
D2-MR00215,DEAL002,COMP002,,GOV_BOARD_INDEP_PCT,2017,35.88,%,35.88,%,No,Unaudited,0.96,0.71,extract-agent-v1.2,No,D2-DOC2017,82
D2-MR00216,DEAL002,COMP002,,GOV_WOMEN_BOARD_PCT,2017,6.13,%,6.13,%,No,Unaudited,0.91,0.88,extract-agent-v1.2,No,D2-DOC2017,20
D2-MR00217,DEAL002,COMP002,,GOV_DATA_BREACH,2017,1,count,1,count,No,Unaudited,0.86,0.75,extract-agent-v1.2,No,D2-DOC2017,65
D2-MR00218,DEAL002,COMP002,,GOV_ETHICS_CASES,2017,15,count,15,count,No,Unaudited,0.85,0.78,extract-agent-v1.2,No,D2-DOC2017,13
D2-MRF000367,DEAL002,COMP002,D2-FAC01,ENV_SCOPE2,2017,19888.94,tCO2e,19888.94,tCO2e,No,Unaudited,0.81,0.76,extract-agent-v1.2,No,D2-DOC2017,23
D2-MRF000368,DEAL002,COMP002,D2-FAC01,ENV_ENERGY,2017,45890.94,MWh,45890.94,MWh,No,Unaudited,0.92,0.94,extract-agent-v1.2,No,D2-DOC2017,87
D2-MRF000369,DEAL002,COMP002,D2-FAC01,ENV_WATER,2017,0.13,ML,0.13,ML,No,Unaudited,0.9,0.93,extract-agent-v1.2,No,D2-DOC2017,88
D2-MRF000370,DEAL002,COMP002,D2-FAC02,ENV_SCOPE2,2017,20170.6,tCO2e,20170.6,tCO2e,No,Unaudited,0.88,0.86,extract-agent-v1.2,No,D2-DOC2017,32
D2-MRF000371,DEAL002,COMP002,D2-FAC02,ENV_ENERGY,2017,46453.08,MWh,46453.08,MWh,No,Unaudited,0.85,0.8,extract-agent-v1.2,No,D2-DOC2017,84
D2-MRF000372,DEAL002,COMP002,D2-FAC02,ENV_WATER,2017,0.13,ML,0.13,ML,No,Unaudited,0.88,0.86,extract-agent-v1.2,No,D2-DOC2017,80
D2-MRF000373,DEAL002,COMP002,D2-FAC05,ENV_SCOPE2,2017,20053.96,tCO2e,20053.96,tCO2e,No,Unaudited,0.89,0.91,extract-agent-v1.2,No,D2-DOC2017,52
D2-MRF000374,DEAL002,COMP002,D2-FAC05,ENV_ENERGY,2017,45780.54,MWh,45780.54,MWh,No,Unaudited,0.88,0.78,extract-agent-v1.2,No,D2-DOC2017,16
D2-MRF000375,DEAL002,COMP002,D2-FAC05,ENV_WATER,2017,0.13,ML,0.13,ML,No,Unaudited,0.8,0.94,extract-agent-v1.2,No,D2-DOC2017,59
D2-MRF000376,DEAL002,COMP002,D2-FAC03,ENV_DC_PUE,2017,2.22,ratio,2.22,ratio,No,Unaudited,0.94,0.72,extract-agent-v1.2,No,D2-DOC2017,78
D2-MR00300,DEAL002,COMP002,,ENV_SCOPE1,2018,6729.85,tCO2e,6729.85,tCO2e,No,Unaudited,0.95,0.93,extract-agent-v1.2,No,D2-DOC2018,34
D2-MR00301,DEAL002,COMP002,,ENV_SCOPE2,2018,92436.81,tCO2e,92436.81,tCO2e,No,Unaudited,0.84,0.97,extract-agent-v1.2,No,D2-DOC2018,30
D2-MR00302,DEAL002,COMP002,,ENV_SCOPE3,2018,183029.73,tCO2e,183029.73,tCO2e,Yes,Unaudited,0.86,0.72,extract-agent-v1.2,No,D2-DOC2018,34
D2-MR00303,DEAL002,COMP002,,ENV_ENERGY,2018,249884.57,MWh,249884.57,MWh,No,Unaudited,0.86,0.98,extract-agent-v1.2,No,D2-DOC2018,50
D2-MR00304,DEAL002,COMP002,,ENV_RENEW_PCT,2018,4.56,%,4.56,%,No,Unaudited,0.86,0.84,extract-agent-v1.2,No,D2-DOC2018,56
D2-MR00305,DEAL002,COMP002,,ENV_DC_PUE,2018,2.14,ratio,2.14,ratio,No,Unaudited,0.95,0.86,extract-agent-v1.2,No,D2-DOC2018,13
D2-MR00306,DEAL002,COMP002,,ENV_WATER,2018,0.68,ML,0.68,ML,No,Unaudited,0.92,0.81,extract-agent-v1.2,No,D2-DOC2018,74
D2-MR00307,DEAL002,COMP002,,ENV_EWASTE,2018,142.71,tonnes,142.71,tonnes,No,Unaudited,0.96,0.75,extract-agent-v1.2,No,D2-DOC2018,59
D2-MR00308,DEAL002,COMP002,,ENV_EWASTE_REC_PCT,2018,56.08,%,56.08,%,No,Unaudited,0.92,0.97,extract-agent-v1.2,No,D2-DOC2018,23
D2-MR00309,DEAL002,COMP002,,SOC_HEADCOUNT,2018,14010,count,14010,count,No,Unaudited,0.97,0.81,extract-agent-v1.2,No,D2-DOC2018,19
D2-MR00310,DEAL002,COMP002,,SOC_FEMALE_PCT,2018,26.5,%,26.5,%,No,Unaudited,0.93,0.97,extract-agent-v1.2,No,D2-DOC2018,46
D2-MR00311,DEAL002,COMP002,,SOC_ATTRITION,2018,19.02,%,19.02,%,No,Unaudited,0.85,0.98,extract-agent-v1.2,No,D2-DOC2018,86
D2-MR00312,DEAL002,COMP002,,SOC_TRAIN_HRS,2018,26.31,hours,26.31,hours,No,Unaudited,0.95,0.73,extract-agent-v1.2,No,D2-DOC2018,78
D2-MR00313,DEAL002,COMP002,,SOC_LTIFR,2018,0.41,per million hrs,0.41,per million hrs,No,Unaudited,0.93,0.97,extract-agent-v1.2,No,D2-DOC2018,71
D2-MR00314,DEAL002,COMP002,,SOC_ESAT,2018,65.1,score,65.1,score,No,Unaudited,0.98,0.73,extract-agent-v1.2,No,D2-DOC2018,18
D2-MR00315,DEAL002,COMP002,,GOV_BOARD_INDEP_PCT,2018,37.82,%,37.82,%,No,Unaudited,0.94,0.97,extract-agent-v1.2,No,D2-DOC2018,33
D2-MR00316,DEAL002,COMP002,,GOV_WOMEN_BOARD_PCT,2018,8.13,%,8.13,%,No,Unaudited,0.95,0.74,extract-agent-v1.2,No,D2-DOC2018,57
D2-MR00317,DEAL002,COMP002,,GOV_DATA_BREACH,2018,1,count,1,count,No,Unaudited,0.85,0.86,extract-agent-v1.2,No,D2-DOC2018,85
D2-MR00318,DEAL002,COMP002,,GOV_ETHICS_CASES,2018,16,count,16,count,No,Unaudited,0.96,0.81,extract-agent-v1.2,No,D2-DOC2018,80
D2-MRF000396,DEAL002,COMP002,D2-FAC01,ENV_SCOPE2,2018,18543.77,tCO2e,18543.77,tCO2e,No,Unaudited,0.84,0.84,extract-agent-v1.2,No,D2-DOC2018,86
D2-MRF000397,DEAL002,COMP002,D2-FAC01,ENV_ENERGY,2018,48130.52,MWh,48130.52,MWh,No,Unaudited,0.9,0.75,extract-agent-v1.2,No,D2-DOC2018,73
D2-MRF000398,DEAL002,COMP002,D2-FAC01,ENV_WATER,2018,0.13,ML,0.13,ML,No,Unaudited,0.88,0.83,extract-agent-v1.2,No,D2-DOC2018,22
D2-MRF000399,DEAL002,COMP002,D2-FAC02,ENV_SCOPE2,2018,18078.37,tCO2e,18078.37,tCO2e,No,Unaudited,0.91,0.75,extract-agent-v1.2,No,D2-DOC2018,17
D2-MRF000400,DEAL002,COMP002,D2-FAC02,ENV_ENERGY,2018,49543.26,MWh,49543.26,MWh,No,Unaudited,0.84,0.79,extract-agent-v1.2,No,D2-DOC2018,47
D2-MRF000401,DEAL002,COMP002,D2-FAC02,ENV_WATER,2018,0.14,ML,0.14,ML,No,Unaudited,0.86,0.74,extract-agent-v1.2,No,D2-DOC2018,88
D2-MRF000402,DEAL002,COMP002,D2-FAC05,ENV_SCOPE2,2018,18718.41,tCO2e,18718.41,tCO2e,No,Unaudited,0.94,0.86,extract-agent-v1.2,No,D2-DOC2018,51
D2-MRF000403,DEAL002,COMP002,D2-FAC05,ENV_ENERGY,2018,51753.1,MWh,51753.1,MWh,No,Unaudited,0.88,0.92,extract-agent-v1.2,No,D2-DOC2018,62
D2-MRF000404,DEAL002,COMP002,D2-FAC05,ENV_WATER,2018,0.13,ML,0.13,ML,No,Unaudited,0.95,0.8,extract-agent-v1.2,No,D2-DOC2018,25
D2-MRF000405,DEAL002,COMP002,D2-FAC03,ENV_DC_PUE,2018,2.09,ratio,2.09,ratio,No,Unaudited,0.87,0.86,extract-agent-v1.2,No,D2-DOC2018,70
D2-MR00400,DEAL002,COMP002,,ENV_SCOPE1,2019,6488.54,tCO2e,6488.54,tCO2e,No,Unaudited,0.87,0.91,extract-agent-v1.2,No,D2-DOC2019,39
D2-MR00401,DEAL002,COMP002,,ENV_SCOPE2,2019,86403.35,tCO2e,86403.35,tCO2e,No,Unaudited,0.87,0.78,extract-agent-v1.2,No,D2-DOC2019,14
D2-MR00402,DEAL002,COMP002,,ENV_SCOPE3,2019,189925.39,tCO2e,189925.39,tCO2e,No,Unaudited,0.87,0.86,extract-agent-v1.2,No,D2-DOC2019,82
D2-MR00403,DEAL002,COMP002,,ENV_ENERGY,2019,265971.94,MWh,265971.94,MWh,No,Unaudited,0.87,0.79,extract-agent-v1.2,No,D2-DOC2019,52
D2-MR00404,DEAL002,COMP002,,ENV_RENEW_PCT,2019,9.14,%,9.14,%,No,Unaudited,0.89,0.73,extract-agent-v1.2,No,D2-DOC2019,41
D2-MR00405,DEAL002,COMP002,,ENV_DC_PUE,2019,2.03,ratio,2.03,ratio,No,Unaudited,0.84,0.8,extract-agent-v1.2,No,D2-DOC2019,53
D2-MR00406,DEAL002,COMP002,,ENV_WATER,2019,0.74,ML,0.74,ML,No,Unaudited,0.89,0.78,extract-agent-v1.2,No,D2-DOC2019,75
D2-MR00407,DEAL002,COMP002,,ENV_EWASTE,2019,151.37,tonnes,151.37,tonnes,No,Unaudited,0.93,0.73,extract-agent-v1.2,No,D2-DOC2019,52
D2-MR00408,DEAL002,COMP002,,ENV_EWASTE_REC_PCT,2019,60.23,%,60.23,%,No,Unaudited,0.86,0.96,extract-agent-v1.2,No,D2-DOC2019,44
D2-MR00409,DEAL002,COMP002,,SOC_HEADCOUNT,2019,15468,count,15468,count,No,Unaudited,0.9,0.94,extract-agent-v1.2,No,D2-DOC2019,18
D2-MR00410,DEAL002,COMP002,,SOC_FEMALE_PCT,2019,27.73,%,27.73,%,No,Unaudited,0.92,0.88,extract-agent-v1.2,No,D2-DOC2019,62
D2-MR00411,DEAL002,COMP002,,SOC_ATTRITION,2019,18.81,%,18.81,%,No,Unaudited,0.95,0.79,extract-agent-v1.2,No,D2-DOC2019,42
D2-MR00412,DEAL002,COMP002,,SOC_TRAIN_HRS,2019,28.87,hours,28.87,hours,No,Unaudited,0.97,0.7,extract-agent-v1.2,No,D2-DOC2019,21
D2-MR00413,DEAL002,COMP002,,SOC_LTIFR,2019,0.37,per million hrs,0.37,per million hrs,No,Unaudited,0.95,0.75,extract-agent-v1.2,No,D2-DOC2019,88
D2-MR00414,DEAL002,COMP002,,SOC_ESAT,2019,67.62,score,67.62,score,No,Unaudited,0.9,0.98,extract-agent-v1.2,No,D2-DOC2019,51
D2-MR00415,DEAL002,COMP002,,GOV_BOARD_INDEP_PCT,2019,40.56,%,40.56,%,No,Unaudited,0.88,0.73,extract-agent-v1.2,No,D2-DOC2019,53
D2-MR00416,DEAL002,COMP002,,GOV_WOMEN_BOARD_PCT,2019,10.49,%,10.49,%,No,Unaudited,0.85,0.76,extract-agent-v1.2,No,D2-DOC2019,26
D2-MR00417,DEAL002,COMP002,,GOV_DATA_BREACH,2019,1,count,1,count,No,Unaudited,0.9,0.86,extract-agent-v1.2,No,D2-DOC2019,74
D2-MR00418,DEAL002,COMP002,,GOV_ETHICS_CASES,2019,17,count,17,count,No,Unaudited,0.83,0.89,extract-agent-v1.2,No,D2-DOC2019,29
D2-MRF000425,DEAL002,COMP002,D2-FAC01,ENV_SCOPE2,2019,17709.08,tCO2e,17709.08,tCO2e,No,Unaudited,0.92,0.73,extract-agent-v1.2,No,D2-DOC2019,18
D2-MRF000426,DEAL002,COMP002,D2-FAC01,ENV_ENERGY,2019,55956.96,MWh,55956.96,MWh,No,Unaudited,0.86,0.73,extract-agent-v1.2,No,D2-DOC2019,77
D2-MRF000427,DEAL002,COMP002,D2-FAC01,ENV_WATER,2019,0.15,ML,0.15,ML,No,Unaudited,0.81,0.78,extract-agent-v1.2,No,D2-DOC2019,81
D2-MRF000428,DEAL002,COMP002,D2-FAC02,ENV_SCOPE2,2019,17604.5,tCO2e,17604.5,tCO2e,No,Unaudited,0.9,0.74,extract-agent-v1.2,No,D2-DOC2019,63
D2-MRF000429,DEAL002,COMP002,D2-FAC02,ENV_ENERGY,2019,53616.5,MWh,53616.5,MWh,No,Unaudited,0.92,0.91,extract-agent-v1.2,No,D2-DOC2019,27
D2-MRF000430,DEAL002,COMP002,D2-FAC02,ENV_WATER,2019,0.14,ML,0.14,ML,No,Unaudited,0.89,0.81,extract-agent-v1.2,No,D2-DOC2019,21
D2-MRF000431,DEAL002,COMP002,D2-FAC05,ENV_SCOPE2,2019,17866.52,tCO2e,17866.52,tCO2e,No,Unaudited,0.84,0.83,extract-agent-v1.2,No,D2-DOC2019,44
D2-MRF000432,DEAL002,COMP002,D2-FAC05,ENV_ENERGY,2019,52004.29,MWh,52004.29,MWh,No,Unaudited,0.97,0.75,extract-agent-v1.2,No,D2-DOC2019,57
D2-MRF000433,DEAL002,COMP002,D2-FAC05,ENV_WATER,2019,0.15,ML,0.15,ML,No,Unaudited,0.89,0.78,extract-agent-v1.2,No,D2-DOC2019,70
D2-MRF000434,DEAL002,COMP002,D2-FAC03,ENV_DC_PUE,2019,2.02,ratio,2.02,ratio,No,Unaudited,0.92,0.79,extract-agent-v1.2,No,D2-DOC2019,14
D2-MR00500,DEAL002,COMP002,,ENV_SCOPE1,2020,6466.8,tCO2e,6466.8,tCO2e,No,Assured,0.98,0.9,extract-agent-v1.2,No,D2-DOC2020,76
D2-MR00501,DEAL002,COMP002,,ENV_SCOPE2,2020,81731.75,tCO2e,81731.75,tCO2e,No,Assured,0.99,0.81,extract-agent-v1.2,No,D2-DOC2020,65
D2-MR00502,DEAL002,COMP002,,ENV_SCOPE3,2020,204418.69,tCO2e,204418.69,tCO2e,No,Assured,0.84,0.78,extract-agent-v1.2,No,D2-DOC2020,73
D2-MR00503,DEAL002,COMP002,,ENV_ENERGY,2020,285903.41,MWh,285903.41,MWh,No,Assured,0.84,0.76,extract-agent-v1.2,No,D2-DOC2020,81
D2-MR00504,DEAL002,COMP002,,ENV_RENEW_PCT,2020,13.68,%,13.68,%,No,Assured,0.89,0.76,extract-agent-v1.2,No,D2-DOC2020,15
D2-MR00505,DEAL002,COMP002,,ENV_DC_PUE,2020,1.98,ratio,1.98,ratio,No,Assured,0.97,0.74,extract-agent-v1.2,No,D2-DOC2020,28
D2-MR00506,DEAL002,COMP002,,ENV_WATER,2020,0.77,ML,0.77,ML,No,Assured,0.87,0.84,extract-agent-v1.2,No,D2-DOC2020,50
D2-MR00507,DEAL002,COMP002,,ENV_EWASTE,2020,160.55,tonnes,160.55,tonnes,No,Assured,0.89,0.73,extract-agent-v1.2,No,D2-DOC2020,68
D2-MR00508,DEAL002,COMP002,,ENV_EWASTE_REC_PCT,2020,63.17,%,63.17,%,No,Assured,0.98,0.91,extract-agent-v1.2,No,D2-DOC2020,63
D2-MR00509,DEAL002,COMP002,,SOC_HEADCOUNT,2020,17349,count,17349,count,No,Assured,0.96,0.78,extract-agent-v1.2,No,D2-DOC2020,50
D2-MR00510,DEAL002,COMP002,,SOC_FEMALE_PCT,2020,28.95,%,28.95,%,No,Assured,0.98,0.89,extract-agent-v1.2,No,D2-DOC2020,13
D2-MR00511,DEAL002,COMP002,,SOC_ATTRITION,2020,18.94,%,18.94,%,No,Assured,0.94,0.78,extract-agent-v1.2,No,D2-DOC2020,82
D2-MR00512,DEAL002,COMP002,,SOC_TRAIN_HRS,2020,33.03,hours,33.03,hours,No,Assured,0.96,0.8,extract-agent-v1.2,No,D2-DOC2020,34
D2-MR00513,DEAL002,COMP002,,SOC_LTIFR,2020,0.34,per million hrs,0.34,per million hrs,No,Assured,0.96,0.97,extract-agent-v1.2,No,D2-DOC2020,28
D2-MR00514,DEAL002,COMP002,,SOC_ESAT,2020,69.32,score,69.32,score,No,Assured,0.95,0.9,extract-agent-v1.2,No,D2-DOC2020,76
D2-MR00515,DEAL002,COMP002,,GOV_BOARD_INDEP_PCT,2020,42.71,%,42.71,%,No,Assured,0.89,0.85,extract-agent-v1.2,No,D2-DOC2020,15
D2-MR00516,DEAL002,COMP002,,GOV_WOMEN_BOARD_PCT,2020,12.57,%,12.57,%,No,Assured,0.87,0.93,extract-agent-v1.2,No,D2-DOC2020,62
D2-MR00517,DEAL002,COMP002,,GOV_DATA_BREACH,2020,1,count,1,count,No,Assured,0.88,0.77,extract-agent-v1.2,No,D2-DOC2020,46
D2-MR00518,DEAL002,COMP002,,GOV_ETHICS_CASES,2020,17,count,17,count,No,Assured,0.88,0.83,extract-agent-v1.2,No,D2-DOC2020,17
D2-MRF000454,DEAL002,COMP002,D2-FAC01,ENV_SCOPE2,2020,16766.95,tCO2e,16766.95,tCO2e,No,Assured,0.93,0.75,extract-agent-v1.2,No,D2-DOC2020,65
D2-MRF000455,DEAL002,COMP002,D2-FAC01,ENV_ENERGY,2020,58447.81,MWh,58447.81,MWh,No,Assured,0.9,0.95,extract-agent-v1.2,No,D2-DOC2020,50
D2-MRF000456,DEAL002,COMP002,D2-FAC01,ENV_WATER,2020,0.16,ML,0.16,ML,No,Assured,0.93,0.92,extract-agent-v1.2,No,D2-DOC2020,87
D2-MRF000457,DEAL002,COMP002,D2-FAC02,ENV_SCOPE2,2020,16897.48,tCO2e,16897.48,tCO2e,No,Assured,0.93,0.87,extract-agent-v1.2,No,D2-DOC2020,18
D2-MRF000458,DEAL002,COMP002,D2-FAC02,ENV_ENERGY,2020,56113.68,MWh,56113.68,MWh,No,Assured,0.91,0.88,extract-agent-v1.2,No,D2-DOC2020,58
D2-MRF000459,DEAL002,COMP002,D2-FAC02,ENV_WATER,2020,0.15,ML,0.15,ML,No,Assured,0.84,0.74,extract-agent-v1.2,No,D2-DOC2020,54
D2-MRF000460,DEAL002,COMP002,D2-FAC05,ENV_SCOPE2,2020,16491.92,tCO2e,16491.92,tCO2e,No,Assured,0.91,0.76,extract-agent-v1.2,No,D2-DOC2020,16
D2-MRF000461,DEAL002,COMP002,D2-FAC05,ENV_ENERGY,2020,58900.71,MWh,58900.71,MWh,No,Assured,0.86,0.76,extract-agent-v1.2,No,D2-DOC2020,26
D2-MRF000462,DEAL002,COMP002,D2-FAC05,ENV_WATER,2020,0.15,ML,0.15,ML,No,Assured,0.93,0.94,extract-agent-v1.2,No,D2-DOC2020,31
D2-MRF000463,DEAL002,COMP002,D2-FAC03,ENV_DC_PUE,2020,2.0,ratio,2.0,ratio,No,Assured,0.88,0.79,extract-agent-v1.2,No,D2-DOC2020,15
D2-MR00600,DEAL002,COMP002,,ENV_SCOPE1,2021,6121.19,tCO2e,6121.19,tCO2e,No,Assured,0.88,0.8,extract-agent-v1.2,No,D2-DOC2021,62
D2-MR00601,DEAL002,COMP002,,ENV_SCOPE2,2021,76311.66,tCO2e,76311.66,tCO2e,No,Assured,0.88,0.93,extract-agent-v1.2,No,D2-DOC2021,26
D2-MR00602,DEAL002,COMP002,,ENV_SCOPE3,2021,212243.33,tCO2e,212243.33,tCO2e,No,Assured,0.98,0.73,extract-agent-v1.2,No,D2-DOC2021,47
D2-MR00603,DEAL002,COMP002,,ENV_ENERGY,2021,312319.51,MWh,312319.51,MWh,No,Assured,0.93,0.75,extract-agent-v1.2,No,D2-DOC2021,76
D2-MR00604,DEAL002,COMP002,,ENV_RENEW_PCT,2021,18.9,%,18.9,%,No,Assured,0.89,0.73,extract-agent-v1.2,No,D2-DOC2021,19
D2-MR00605,DEAL002,COMP002,,ENV_DC_PUE,2021,1.91,ratio,1.91,ratio,No,Assured,0.89,0.85,extract-agent-v1.2,No,D2-DOC2021,47
D2-MR00606,DEAL002,COMP002,,ENV_WATER,2021,0.81,ML,0.81,ML,No,Assured,0.93,0.96,extract-agent-v1.2,No,D2-DOC2021,19
D2-MR00607,DEAL002,COMP002,,ENV_EWASTE,2021,171.15,tonnes,171.15,tonnes,No,Assured,0.96,0.93,extract-agent-v1.2,No,D2-DOC2021,15
D2-MR00608,DEAL002,COMP002,,ENV_EWASTE_REC_PCT,2021,67.07,%,67.07,%,No,Assured,0.85,0.96,extract-agent-v1.2,No,D2-DOC2021,24
D2-MR00609,DEAL002,COMP002,,SOC_HEADCOUNT,2021,18945,count,18945,count,No,Assured,0.97,0.74,extract-agent-v1.2,No,D2-DOC2021,42
D2-MR00610,DEAL002,COMP002,,SOC_FEMALE_PCT,2021,30.0,%,30.0,%,No,Assured,0.92,0.78,extract-agent-v1.2,No,D2-DOC2021,61
D2-MR00611,DEAL002,COMP002,,SOC_ATTRITION,2021,28.42,%,28.42,%,No,Assured,0.91,0.77,extract-agent-v1.2,No,D2-DOC2021,60
D2-MR00612,DEAL002,COMP002,,SOC_TRAIN_HRS,2021,35.57,hours,35.57,hours,No,Assured,0.88,0.71,extract-agent-v1.2,No,D2-DOC2021,64
D2-MR00613,DEAL002,COMP002,,SOC_LTIFR,2021,0.31,per million hrs,0.31,per million hrs,No,Assured,0.93,0.75,extract-agent-v1.2,No,D2-DOC2021,58
D2-MR00614,DEAL002,COMP002,,SOC_ESAT,2021,69.72,score,69.72,score,No,Assured,0.87,0.91,extract-agent-v1.2,No,D2-DOC2021,37
D2-MR00615,DEAL002,COMP002,,GOV_BOARD_INDEP_PCT,2021,44.2,%,44.2,%,No,Assured,0.92,0.71,extract-agent-v1.2,No,D2-DOC2021,56
D2-MR00616,DEAL002,COMP002,,GOV_WOMEN_BOARD_PCT,2021,14.66,%,14.66,%,No,Assured,0.97,0.92,extract-agent-v1.2,No,D2-DOC2021,41
D2-MR00617,DEAL002,COMP002,,GOV_DATA_BREACH,2021,1,count,1,count,No,Assured,0.86,0.82,extract-agent-v1.2,No,D2-DOC2021,38
D2-MR00618,DEAL002,COMP002,,GOV_ETHICS_CASES,2021,18,count,18,count,No,Assured,0.88,0.88,extract-agent-v1.2,No,D2-DOC2021,55
D2-MRF000483,DEAL002,COMP002,D2-FAC01,ENV_SCOPE2,2021,15141.53,tCO2e,15141.53,tCO2e,No,Assured,0.9,0.79,extract-agent-v1.2,No,D2-DOC2021,47
D2-MRF000484,DEAL002,COMP002,D2-FAC01,ENV_ENERGY,2021,60157.2,MWh,60157.2,MWh,No,Assured,0.83,0.71,extract-agent-v1.2,No,D2-DOC2021,42
D2-MRF000485,DEAL002,COMP002,D2-FAC01,ENV_WATER,2021,0.16,ML,0.16,ML,No,Assured,0.85,0.88,extract-agent-v1.2,No,D2-DOC2021,31
D2-MRF000486,DEAL002,COMP002,D2-FAC02,ENV_SCOPE2,2021,14813.51,tCO2e,14813.51,tCO2e,No,Assured,0.87,0.84,extract-agent-v1.2,No,D2-DOC2021,73
D2-MRF000487,DEAL002,COMP002,D2-FAC02,ENV_ENERGY,2021,61086.13,MWh,61086.13,MWh,No,Assured,0.96,0.89,extract-agent-v1.2,No,D2-DOC2021,46
D2-MRF000488,DEAL002,COMP002,D2-FAC02,ENV_WATER,2021,0.16,ML,0.16,ML,No,Assured,0.83,0.82,extract-agent-v1.2,No,D2-DOC2021,34
D2-MRF000489,DEAL002,COMP002,D2-FAC05,ENV_SCOPE2,2021,14966.08,tCO2e,14966.08,tCO2e,No,Assured,0.82,0.85,extract-agent-v1.2,No,D2-DOC2021,38
D2-MRF000490,DEAL002,COMP002,D2-FAC05,ENV_ENERGY,2021,62031.5,MWh,62031.5,MWh,No,Assured,0.97,0.89,extract-agent-v1.2,No,D2-DOC2021,29
D2-MRF000491,DEAL002,COMP002,D2-FAC05,ENV_WATER,2021,0.16,ML,0.16,ML,No,Assured,0.97,0.82,extract-agent-v1.2,No,D2-DOC2021,16
D2-MRF000492,DEAL002,COMP002,D2-FAC03,ENV_DC_PUE,2021,1.91,ratio,1.91,ratio,No,Assured,0.85,0.81,extract-agent-v1.2,No,D2-DOC2021,62
D2-MR00700,DEAL002,COMP002,,ENV_SCOPE1,2022,5938.17,tCO2e,5938.17,tCO2e,No,Assured,0.93,0.93,extract-agent-v1.2,Yes,D2-DOC2022,71
D2-MR00701,DEAL002,COMP002,,ENV_SCOPE2,2022,68485.34,tCO2e,68485.34,tCO2e,No,Assured,0.83,0.78,extract-agent-v1.2,Yes,D2-DOC2022,81
D2-MR00702,DEAL002,COMP002,,ENV_SCOPE3,2022,229701.9,tCO2e,229701.9,tCO2e,No,Assured,0.94,0.96,extract-agent-v1.2,Yes,D2-DOC2022,52
D2-MR00703,DEAL002,COMP002,,ENV_ENERGY,2022,325631.92,MWh,325631.92,MWh,No,Assured,0.92,0.91,extract-agent-v1.2,Yes,D2-DOC2022,76
D2-MR00704,DEAL002,COMP002,,ENV_RENEW_PCT,2022,23.03,%,23.03,%,No,Assured,0.92,0.97,extract-agent-v1.2,Yes,D2-DOC2022,18
D2-MR00705,DEAL002,COMP002,,ENV_DC_PUE,2022,1.8,ratio,1.8,ratio,No,Assured,0.89,0.9,extract-agent-v1.2,Yes,D2-DOC2022,41
D2-MR00706,DEAL002,COMP002,,ENV_WATER,2022,0.87,ML,0.87,ML,No,Assured,0.98,0.93,extract-agent-v1.2,Yes,D2-DOC2022,88
D2-MR00707,DEAL002,COMP002,,ENV_EWASTE,2022,184.55,tonnes,184.55,tonnes,No,Assured,0.88,0.86,extract-agent-v1.2,Yes,D2-DOC2022,12
D2-MR00708,DEAL002,COMP002,,ENV_EWASTE_REC_PCT,2022,70.77,%,70.77,%,No,Assured,0.94,0.77,extract-agent-v1.2,Yes,D2-DOC2022,88
D2-MR00709,DEAL002,COMP002,,SOC_HEADCOUNT,2022,20834,count,20834,count,No,Assured,0.87,0.91,extract-agent-v1.2,Yes,D2-DOC2022,56
D2-MR00710,DEAL002,COMP002,,SOC_FEMALE_PCT,2022,30.58,%,30.58,%,No,Assured,0.93,0.74,extract-agent-v1.2,Yes,D2-DOC2022,32
D2-MR00711,DEAL002,COMP002,,SOC_ATTRITION,2022,28.18,%,28.18,%,No,Assured,0.87,0.87,extract-agent-v1.2,Yes,D2-DOC2022,27
D2-MR00712,DEAL002,COMP002,,SOC_TRAIN_HRS,2022,40.07,hours,40.07,hours,No,Assured,0.88,0.77,extract-agent-v1.2,Yes,D2-DOC2022,52
D2-MR00713,DEAL002,COMP002,,SOC_LTIFR,2022,0.28,per million hrs,0.28,per million hrs,No,Assured,0.98,0.73,extract-agent-v1.2,Yes,D2-DOC2022,72
D2-MR00714,DEAL002,COMP002,,SOC_ESAT,2022,71.13,score,71.13,score,No,Assured,0.83,0.76,extract-agent-v1.2,Yes,D2-DOC2022,62
D2-MR00715,DEAL002,COMP002,,GOV_BOARD_INDEP_PCT,2022,46.25,%,46.25,%,No,Assured,0.84,0.9,extract-agent-v1.2,Yes,D2-DOC2022,40
D2-MR00716,DEAL002,COMP002,,GOV_WOMEN_BOARD_PCT,2022,16.85,%,16.85,%,No,Assured,0.84,0.78,extract-agent-v1.2,Yes,D2-DOC2022,62
D2-MR00717,DEAL002,COMP002,,GOV_DATA_BREACH,2022,1,count,1,count,No,Assured,0.85,0.71,extract-agent-v1.2,Yes,D2-DOC2022,50
D2-MR00718,DEAL002,COMP002,,GOV_ETHICS_CASES,2022,19,count,19,count,No,Assured,0.95,0.72,extract-agent-v1.2,Yes,D2-DOC2022,88
D2-MRF000512,DEAL002,COMP002,D2-FAC01,ENV_SCOPE2,2022,13983.9,tCO2e,13983.9,tCO2e,No,Assured,0.88,0.77,extract-agent-v1.2,Yes,D2-DOC2022,77
D2-MRF000513,DEAL002,COMP002,D2-FAC01,ENV_ENERGY,2022,67245.63,MWh,67245.63,MWh,No,Assured,0.96,0.95,extract-agent-v1.2,Yes,D2-DOC2022,75
D2-MRF000514,DEAL002,COMP002,D2-FAC01,ENV_WATER,2022,0.17,ML,0.17,ML,No,Assured,0.83,0.72,extract-agent-v1.2,Yes,D2-DOC2022,60
D2-MRF000515,DEAL002,COMP002,D2-FAC02,ENV_SCOPE2,2022,13448.14,tCO2e,13448.14,tCO2e,No,Assured,0.88,0.91,extract-agent-v1.2,Yes,D2-DOC2022,26
D2-MRF000516,DEAL002,COMP002,D2-FAC02,ENV_ENERGY,2022,63642.91,MWh,63642.91,MWh,No,Assured,0.9,0.92,extract-agent-v1.2,Yes,D2-DOC2022,21
D2-MRF000517,DEAL002,COMP002,D2-FAC02,ENV_WATER,2022,0.17,ML,0.17,ML,No,Assured,0.87,0.87,extract-agent-v1.2,Yes,D2-DOC2022,76
D2-MRF000518,DEAL002,COMP002,D2-FAC05,ENV_SCOPE2,2022,14219.57,tCO2e,14219.57,tCO2e,No,Assured,0.8,0.81,extract-agent-v1.2,Yes,D2-DOC2022,25
D2-MRF000519,DEAL002,COMP002,D2-FAC05,ENV_ENERGY,2022,64429.22,MWh,64429.22,MWh,No,Assured,0.86,0.83,extract-agent-v1.2,Yes,D2-DOC2022,40
D2-MRF000520,DEAL002,COMP002,D2-FAC05,ENV_WATER,2022,0.17,ML,0.17,ML,No,Assured,0.9,0.86,extract-agent-v1.2,Yes,D2-DOC2022,24
D2-MRF000521,DEAL002,COMP002,D2-FAC03,ENV_DC_PUE,2022,1.8,ratio,1.8,ratio,No,Assured,0.9,0.8,extract-agent-v1.2,Yes,D2-DOC2022,80
D2-MR00800,DEAL002,COMP002,,ENV_SCOPE1,2023,5781.16,tCO2e,5781.16,tCO2e,No,Assured,0.83,0.82,extract-agent-v1.2,Yes,D2-DOC2023,30
D2-MR00801,DEAL002,COMP002,,ENV_SCOPE2,2023,62368.02,tCO2e,62368.02,tCO2e,No,Assured,0.82,0.83,extract-agent-v1.2,Yes,D2-DOC2023,46
D2-MR00802,DEAL002,COMP002,,ENV_SCOPE3,2023,243904.25,tCO2e,243904.25,tCO2e,No,Assured,0.85,0.71,extract-agent-v1.2,Yes,D2-DOC2023,66
D2-MR00803,DEAL002,COMP002,,ENV_ENERGY,2023,344995.92,MWh,344995.92,MWh,No,Assured,0.89,0.95,extract-agent-v1.2,Yes,D2-DOC2023,68
D2-MR00804,DEAL002,COMP002,,ENV_RENEW_PCT,2023,27.54,%,27.54,%,No,Assured,0.99,0.97,extract-agent-v1.2,Yes,D2-DOC2023,31
D2-MR00805,DEAL002,COMP002,,ENV_DC_PUE,2023,1.72,ratio,1.72,ratio,No,Assured,0.9,0.84,extract-agent-v1.2,Yes,D2-DOC2023,61
D2-MR00806,DEAL002,COMP002,,ENV_WATER,2023,0.92,ML,0.92,ML,No,Assured,0.84,0.73,extract-agent-v1.2,Yes,D2-DOC2023,58
D2-MR00807,DEAL002,COMP002,,ENV_EWASTE,2023,196.12,tonnes,196.12,tonnes,No,Assured,0.95,0.78,extract-agent-v1.2,Yes,D2-DOC2023,20
D2-MR00808,DEAL002,COMP002,,ENV_EWASTE_REC_PCT,2023,73.16,%,73.16,%,No,Assured,0.88,0.71,extract-agent-v1.2,Yes,D2-DOC2023,21
D2-MR00809,DEAL002,COMP002,,SOC_HEADCOUNT,2023,23016,count,23016,count,No,Assured,0.84,0.74,extract-agent-v1.2,Yes,D2-DOC2023,33
D2-MR00810,DEAL002,COMP002,,SOC_FEMALE_PCT,2023,32.06,%,32.06,%,No,Assured,0.84,0.73,extract-agent-v1.2,Yes,D2-DOC2023,75
D2-MR00811,DEAL002,COMP002,,SOC_ATTRITION,2023,28.14,%,28.14,%,No,Assured,0.96,0.78,extract-agent-v1.2,Yes,D2-DOC2023,16
D2-MR00812,DEAL002,COMP002,,SOC_TRAIN_HRS,2023,43.92,hours,43.92,hours,No,Assured,0.83,0.71,extract-agent-v1.2,Yes,D2-DOC2023,77
D2-MR00813,DEAL002,COMP002,,SOC_LTIFR,2023,0.24,per million hrs,0.24,per million hrs,No,Assured,0.94,0.76,extract-agent-v1.2,Yes,D2-DOC2023,29
D2-MR00814,DEAL002,COMP002,,SOC_ESAT,2023,72.71,score,72.71,score,No,Assured,0.89,0.97,extract-agent-v1.2,Yes,D2-DOC2023,42
D2-MR00815,DEAL002,COMP002,,GOV_BOARD_INDEP_PCT,2023,48.97,%,48.97,%,No,Assured,0.97,0.77,extract-agent-v1.2,Yes,D2-DOC2023,52
D2-MR00816,DEAL002,COMP002,,GOV_WOMEN_BOARD_PCT,2023,19.31,%,19.31,%,No,Assured,0.87,0.71,extract-agent-v1.2,Yes,D2-DOC2023,41
D2-MR00817,DEAL002,COMP002,,GOV_DATA_BREACH,2023,1,count,1,count,No,Assured,0.89,0.74,extract-agent-v1.2,Yes,D2-DOC2023,29
D2-MR00818,DEAL002,COMP002,,GOV_ETHICS_CASES,2023,19,count,19,count,No,Assured,0.83,0.82,extract-agent-v1.2,Yes,D2-DOC2023,64
D2-MRF000541,DEAL002,COMP002,D2-FAC01,ENV_SCOPE2,2023,13043.29,tCO2e,13043.29,tCO2e,No,Assured,0.97,0.74,extract-agent-v1.2,Yes,D2-DOC2023,50
D2-MRF000542,DEAL002,COMP002,D2-FAC01,ENV_ENERGY,2023,71068.42,MWh,71068.42,MWh,No,Assured,0.9,0.84,extract-agent-v1.2,Yes,D2-DOC2023,41
D2-MRF000543,DEAL002,COMP002,D2-FAC01,ENV_WATER,2023,0.19,ML,0.19,ML,No,Assured,0.8,0.77,extract-agent-v1.2,Yes,D2-DOC2023,83
D2-MRF000544,DEAL002,COMP002,D2-FAC02,ENV_SCOPE2,2023,12554.44,tCO2e,12554.44,tCO2e,No,Assured,0.85,0.79,extract-agent-v1.2,Yes,D2-DOC2023,62
D2-MRF000545,DEAL002,COMP002,D2-FAC02,ENV_ENERGY,2023,67600.04,MWh,67600.04,MWh,No,Assured,0.85,0.87,extract-agent-v1.2,Yes,D2-DOC2023,17
D2-MRF000546,DEAL002,COMP002,D2-FAC02,ENV_WATER,2023,0.18,ML,0.18,ML,No,Assured,0.87,0.86,extract-agent-v1.2,Yes,D2-DOC2023,18
D2-MRF000547,DEAL002,COMP002,D2-FAC05,ENV_SCOPE2,2023,12872.15,tCO2e,12872.15,tCO2e,No,Assured,0.96,0.79,extract-agent-v1.2,Yes,D2-DOC2023,60
D2-MRF000548,DEAL002,COMP002,D2-FAC05,ENV_ENERGY,2023,68447.81,MWh,68447.81,MWh,No,Assured,0.93,0.71,extract-agent-v1.2,Yes,D2-DOC2023,53
D2-MRF000549,DEAL002,COMP002,D2-FAC05,ENV_WATER,2023,0.18,ML,0.18,ML,No,Assured,0.91,0.86,extract-agent-v1.2,Yes,D2-DOC2023,14
D2-MRF000550,DEAL002,COMP002,D2-FAC03,ENV_DC_PUE,2023,1.77,ratio,1.77,ratio,No,Assured,0.97,0.72,extract-agent-v1.2,Yes,D2-DOC2023,54
D2-MR00900,DEAL002,COMP002,,ENV_SCOPE1,2024,5602.47,tCO2e,5602.47,tCO2e,No,Assured,0.95,0.71,extract-agent-v1.2,Yes,D2-DOC2024,16
D2-MR00901,DEAL002,COMP002,,ENV_SCOPE2,2024,56715.18,tCO2e,56715.18,tCO2e,No,Assured,0.89,0.96,extract-agent-v1.2,Yes,D2-DOC2024,48
D2-MR00902,DEAL002,COMP002,,ENV_SCOPE3,2024,251465.09,tCO2e,251465.09,tCO2e,No,Assured,0.92,0.89,extract-agent-v1.2,Yes,D2-DOC2024,65
D2-MR00903,DEAL002,COMP002,,ENV_ENERGY,2024,365312.45,MWh,365312.45,MWh,No,Assured,0.84,0.94,extract-agent-v1.2,Yes,D2-DOC2024,81
D2-MR00904,DEAL002,COMP002,,ENV_RENEW_PCT,2024,32.59,%,32.59,%,No,Assured,0.95,0.74,extract-agent-v1.2,Yes,D2-DOC2024,65
D2-MR00905,DEAL002,COMP002,,ENV_DC_PUE,2024,1.64,ratio,1.64,ratio,No,Assured,0.88,0.97,extract-agent-v1.2,Yes,D2-DOC2024,77
D2-MR00906,DEAL002,COMP002,,ENV_WATER,2024,0.95,ML,0.95,ML,No,Assured,0.98,0.77,extract-agent-v1.2,Yes,D2-DOC2024,27
D2-MR00907,DEAL002,COMP002,,ENV_EWASTE,2024,202.56,tonnes,202.56,tonnes,No,Assured,0.84,0.94,extract-agent-v1.2,Yes,D2-DOC2024,23
D2-MR00908,DEAL002,COMP002,,ENV_EWASTE_REC_PCT,2024,76.54,%,76.54,%,No,Assured,0.95,0.83,extract-agent-v1.2,Yes,D2-DOC2024,58
D2-MR00909,DEAL002,COMP002,,SOC_HEADCOUNT,2024,24263,count,24263,count,No,Assured,0.99,0.86,extract-agent-v1.2,Yes,D2-DOC2024,65
D2-MR00910,DEAL002,COMP002,,SOC_FEMALE_PCT,2024,33.26,%,33.26,%,No,Assured,0.85,0.89,extract-agent-v1.2,Yes,D2-DOC2024,42
D2-MR00911,DEAL002,COMP002,,SOC_ATTRITION,2024,17.39,%,17.39,%,No,Assured,0.94,0.86,extract-agent-v1.2,Yes,D2-DOC2024,56
D2-MR00912,DEAL002,COMP002,,SOC_TRAIN_HRS,2024,46.16,hours,46.16,hours,No,Assured,0.88,0.88,extract-agent-v1.2,Yes,D2-DOC2024,85
D2-MR00913,DEAL002,COMP002,,SOC_LTIFR,2024,0.21,per million hrs,0.21,per million hrs,No,Assured,0.96,0.85,extract-agent-v1.2,Yes,D2-DOC2024,85
D2-MR00914,DEAL002,COMP002,,SOC_ESAT,2024,72.51,score,72.51,score,No,Assured,0.87,0.87,extract-agent-v1.2,Yes,D2-DOC2024,18
D2-MR00915,DEAL002,COMP002,,GOV_BOARD_INDEP_PCT,2024,52.01,%,52.01,%,No,Assured,0.96,0.75,extract-agent-v1.2,Yes,D2-DOC2024,70
D2-MR00916,DEAL002,COMP002,,GOV_WOMEN_BOARD_PCT,2024,21.57,%,21.57,%,No,Assured,0.99,0.77,extract-agent-v1.2,Yes,D2-DOC2024,17
D2-MR00917,DEAL002,COMP002,,GOV_DATA_BREACH,2024,2,count,2,count,No,Assured,0.85,0.97,extract-agent-v1.2,Yes,D2-DOC2024,36
D2-MR00918,DEAL002,COMP002,,GOV_ETHICS_CASES,2024,20,count,20,count,No,Assured,0.94,0.85,extract-agent-v1.2,Yes,D2-DOC2024,26
D2-MRF000570,DEAL002,COMP002,D2-FAC01,ENV_SCOPE2,2024,11938.44,tCO2e,11938.44,tCO2e,No,Assured,0.81,0.84,extract-agent-v1.2,Yes,D2-DOC2024,28
D2-MRF000571,DEAL002,COMP002,D2-FAC01,ENV_ENERGY,2024,75124.4,MWh,75124.4,MWh,No,Assured,0.92,0.75,extract-agent-v1.2,Yes,D2-DOC2024,76
D2-MRF000572,DEAL002,COMP002,D2-FAC01,ENV_WATER,2024,0.2,ML,0.2,ML,No,Assured,0.96,0.8,extract-agent-v1.2,Yes,D2-DOC2024,56
D2-MRF000573,DEAL002,COMP002,D2-FAC02,ENV_SCOPE2,2024,11458.88,tCO2e,11458.88,tCO2e,No,Assured,0.84,0.86,extract-agent-v1.2,Yes,D2-DOC2024,36
D2-MRF000574,DEAL002,COMP002,D2-FAC02,ENV_ENERGY,2024,70387.51,MWh,70387.51,MWh,No,Assured,0.8,0.87,extract-agent-v1.2,Yes,D2-DOC2024,50
D2-MRF000575,DEAL002,COMP002,D2-FAC02,ENV_WATER,2024,0.2,ML,0.2,ML,No,Assured,0.81,0.74,extract-agent-v1.2,Yes,D2-DOC2024,67
D2-MRF000576,DEAL002,COMP002,D2-FAC05,ENV_SCOPE2,2024,11252.46,tCO2e,11252.46,tCO2e,No,Assured,0.95,0.89,extract-agent-v1.2,Yes,D2-DOC2024,53
D2-MRF000577,DEAL002,COMP002,D2-FAC05,ENV_ENERGY,2024,73399.99,MWh,73399.99,MWh,No,Assured,0.87,0.72,extract-agent-v1.2,Yes,D2-DOC2024,18
D2-MRF000578,DEAL002,COMP002,D2-FAC05,ENV_WATER,2024,0.19,ML,0.19,ML,No,Assured,0.85,0.85,extract-agent-v1.2,Yes,D2-DOC2024,87
D2-MRF000579,DEAL002,COMP002,D2-FAC03,ENV_DC_PUE,2024,1.64,ratio,1.64,ratio,No,Assured,0.89,0.81,extract-agent-v1.2,Yes,D2-DOC2024,56
D3-MR00000,DEAL003,COMP003,,ENV_SCOPE1,2015,25159.85,tCO2e,25159.85,tCO2e,No,Unaudited,0.82,0.8,extract-agent-v1.2,No,D3-DOC2015,74
D3-MR00001,DEAL003,COMP003,,ENV_SCOPE2,2015,391265.38,tCO2e,391265.38,tCO2e,No,Unaudited,0.87,0.96,extract-agent-v1.2,No,D3-DOC2015,70
D3-MR00002,DEAL003,COMP003,,ENV_SCOPE3,2015,510166.66,tCO2e,510166.66,tCO2e,Yes,Unaudited,0.82,0.72,extract-agent-v1.2,No,D3-DOC2015,18
D3-MR00003,DEAL003,COMP003,,ENV_ENERGY,2015,664924.96,MWh,664924.96,MWh,No,Unaudited,0.89,0.74,extract-agent-v1.2,No,D3-DOC2015,76
D3-MR00004,DEAL003,COMP003,,ENV_RENEW_PCT,2015,25.7,%,25.7,%,No,Unaudited,0.91,0.98,extract-agent-v1.2,No,D3-DOC2015,26
D3-MR00005,DEAL003,COMP003,,ENV_DC_PUE,2015,1.78,ratio,1.78,ratio,No,Unaudited,0.88,0.75,extract-agent-v1.2,No,D3-DOC2015,31
D3-MR00006,DEAL003,COMP003,,ENV_WATER,2015,1.88,ML,1.88,ML,No,Unaudited,0.88,0.78,extract-agent-v1.2,No,D3-DOC2015,82
D3-MR00007,DEAL003,COMP003,,ENV_EWASTE,2015,378.1,tonnes,378.1,tonnes,No,Unaudited,0.99,0.9,extract-agent-v1.2,No,D3-DOC2015,27
D3-MR00008,DEAL003,COMP003,,ENV_EWASTE_REC_PCT,2015,74.16,%,74.16,%,No,Unaudited,0.84,0.71,extract-agent-v1.2,No,D3-DOC2015,17
D3-MR00009,DEAL003,COMP003,,SOC_HEADCOUNT,2015,29289,count,29289,count,No,Unaudited,0.93,0.8,extract-agent-v1.2,No,D3-DOC2015,58
D3-MR00010,DEAL003,COMP003,,SOC_FEMALE_PCT,2015,35.75,%,35.75,%,No,Unaudited,0.93,0.89,extract-agent-v1.2,No,D3-DOC2015,69
D3-MR00011,DEAL003,COMP003,,SOC_ATTRITION,2015,10.48,%,10.48,%,No,Unaudited,0.88,0.88,extract-agent-v1.2,No,D3-DOC2015,87
D3-MR00012,DEAL003,COMP003,,SOC_TRAIN_HRS,2015,34.87,hours,34.87,hours,No,Unaudited,0.98,0.94,extract-agent-v1.2,No,D3-DOC2015,30
D3-MR00013,DEAL003,COMP003,,SOC_LTIFR,2015,0.26,per million hrs,0.26,per million hrs,No,Unaudited,0.95,0.74,extract-agent-v1.2,No,D3-DOC2015,68
D3-MR00014,DEAL003,COMP003,,SOC_ESAT,2015,73.87,score,73.87,score,No,Unaudited,0.95,0.86,extract-agent-v1.2,No,D3-DOC2015,23
D3-MR00015,DEAL003,COMP003,,GOV_BOARD_INDEP_PCT,2015,51.25,%,51.25,%,No,Unaudited,0.93,0.77,extract-agent-v1.2,No,D3-DOC2015,46
D3-MR00016,DEAL003,COMP003,,GOV_WOMEN_BOARD_PCT,2015,20.84,%,20.84,%,No,Unaudited,0.96,0.71,extract-agent-v1.2,No,D3-DOC2015,77
D3-MR00017,DEAL003,COMP003,,GOV_DATA_BREACH,2015,1,count,1,count,No,Unaudited,0.97,0.98,extract-agent-v1.2,No,D3-DOC2015,39
D3-MR00018,DEAL003,COMP003,,GOV_ETHICS_CASES,2015,26,count,26,count,No,Unaudited,0.96,0.71,extract-agent-v1.2,No,D3-DOC2015,69
D3-MRF000599,DEAL003,COMP003,D3-FAC01,ENV_SCOPE2,2015,79948.24,tCO2e,79948.24,tCO2e,No,Unaudited,0.92,0.94,extract-agent-v1.2,No,D3-DOC2015,19
D3-MRF000600,DEAL003,COMP003,D3-FAC01,ENV_ENERGY,2015,133791.01,MWh,133791.01,MWh,No,Unaudited,0.82,0.81,extract-agent-v1.2,No,D3-DOC2015,82
D3-MRF000601,DEAL003,COMP003,D3-FAC01,ENV_WATER,2015,0.37,ML,0.37,ML,No,Unaudited,0.81,0.89,extract-agent-v1.2,No,D3-DOC2015,50
D3-MRF000602,DEAL003,COMP003,D3-FAC02,ENV_SCOPE2,2015,79103.23,tCO2e,79103.23,tCO2e,No,Unaudited,0.85,0.73,extract-agent-v1.2,No,D3-DOC2015,57
D3-MRF000603,DEAL003,COMP003,D3-FAC02,ENV_ENERGY,2015,137883.8,MWh,137883.8,MWh,No,Unaudited,0.84,0.87,extract-agent-v1.2,No,D3-DOC2015,65
D3-MRF000604,DEAL003,COMP003,D3-FAC02,ENV_WATER,2015,0.38,ML,0.38,ML,No,Unaudited,0.81,0.73,extract-agent-v1.2,No,D3-DOC2015,48
D3-MRF000605,DEAL003,COMP003,D3-FAC05,ENV_SCOPE2,2015,80647.61,tCO2e,80647.61,tCO2e,No,Unaudited,0.82,0.89,extract-agent-v1.2,No,D3-DOC2015,40
D3-MRF000606,DEAL003,COMP003,D3-FAC05,ENV_ENERGY,2015,134552.0,MWh,134552.0,MWh,No,Unaudited,0.95,0.74,extract-agent-v1.2,No,D3-DOC2015,29
D3-MRF000607,DEAL003,COMP003,D3-FAC05,ENV_WATER,2015,0.38,ML,0.38,ML,No,Unaudited,0.9,0.82,extract-agent-v1.2,No,D3-DOC2015,73
D3-MRF000608,DEAL003,COMP003,D3-FAC03,ENV_DC_PUE,2015,1.8,ratio,1.8,ratio,No,Unaudited,0.96,0.88,extract-agent-v1.2,No,D3-DOC2015,30
D3-MR00100,DEAL003,COMP003,,ENV_SCOPE1,2016,24626.47,tCO2e,24626.47,tCO2e,No,Unaudited,0.92,0.73,extract-agent-v1.2,No,D3-DOC2016,16
D3-MR00101,DEAL003,COMP003,,ENV_SCOPE2,2016,363326.1,tCO2e,363326.1,tCO2e,No,Unaudited,0.94,0.77,extract-agent-v1.2,No,D3-DOC2016,27
D3-MR00102,DEAL003,COMP003,,ENV_SCOPE3,2016,550223.74,tCO2e,550223.74,tCO2e,Yes,Unaudited,0.94,0.77,extract-agent-v1.2,No,D3-DOC2016,27
D3-MR00103,DEAL003,COMP003,,ENV_ENERGY,2016,748263.54,MWh,748263.54,MWh,No,Unaudited,0.98,0.98,extract-agent-v1.2,No,D3-DOC2016,79
D3-MR00104,DEAL003,COMP003,,ENV_RENEW_PCT,2016,31.01,%,31.01,%,No,Unaudited,0.95,0.74,extract-agent-v1.2,No,D3-DOC2016,14
D3-MR00105,DEAL003,COMP003,,ENV_DC_PUE,2016,1.72,ratio,1.72,ratio,No,Unaudited,0.97,0.84,extract-agent-v1.2,No,D3-DOC2016,51
D3-MR00106,DEAL003,COMP003,,ENV_WATER,2016,2.08,ML,2.08,ML,No,Unaudited,0.96,0.92,extract-agent-v1.2,No,D3-DOC2016,86
D3-MR00107,DEAL003,COMP003,,ENV_EWASTE,2016,412.33,tonnes,412.33,tonnes,No,Unaudited,0.86,0.72,extract-agent-v1.2,No,D3-DOC2016,53
D3-MR00108,DEAL003,COMP003,,ENV_EWASTE_REC_PCT,2016,78.66,%,78.66,%,No,Unaudited,0.99,0.95,extract-agent-v1.2,No,D3-DOC2016,39
D3-MR00109,DEAL003,COMP003,,SOC_HEADCOUNT,2016,35496,count,35496,count,No,Unaudited,0.97,0.92,extract-agent-v1.2,No,D3-DOC2016,65
D3-MR00110,DEAL003,COMP003,,SOC_FEMALE_PCT,2016,36.43,%,36.43,%,No,Unaudited,0.87,0.96,extract-agent-v1.2,No,D3-DOC2016,71
D3-MR00111,DEAL003,COMP003,,SOC_ATTRITION,2016,10.21,%,10.21,%,No,Unaudited,0.95,0.81,extract-agent-v1.2,No,D3-DOC2016,43
D3-MR00112,DEAL003,COMP003,,SOC_TRAIN_HRS,2016,38.87,hours,38.87,hours,No,Unaudited,0.9,0.97,extract-agent-v1.2,No,D3-DOC2016,79
D3-MR00113,DEAL003,COMP003,,SOC_LTIFR,2016,0.23,per million hrs,0.23,per million hrs,No,Unaudited,0.87,0.94,extract-agent-v1.2,No,D3-DOC2016,23
D3-MR00114,DEAL003,COMP003,,SOC_ESAT,2016,76.0,score,76.0,score,No,Unaudited,0.86,0.79,extract-agent-v1.2,No,D3-DOC2016,68
D3-MR00115,DEAL003,COMP003,,GOV_BOARD_INDEP_PCT,2016,52.73,%,52.73,%,No,Unaudited,0.97,0.71,extract-agent-v1.2,No,D3-DOC2016,22
D3-MR00116,DEAL003,COMP003,,GOV_WOMEN_BOARD_PCT,2016,23.17,%,23.17,%,No,Unaudited,0.91,0.91,extract-agent-v1.2,No,D3-DOC2016,81
D3-MR00117,DEAL003,COMP003,,GOV_DATA_BREACH,2016,2,count,2,count,No,Unaudited,0.91,0.88,extract-agent-v1.2,No,D3-DOC2016,13
D3-MR00118,DEAL003,COMP003,,GOV_ETHICS_CASES,2016,27,count,27,count,No,Unaudited,0.91,0.77,extract-agent-v1.2,No,D3-DOC2016,35
D3-MRF000628,DEAL003,COMP003,D3-FAC01,ENV_SCOPE2,2016,76273.98,tCO2e,76273.98,tCO2e,No,Unaudited,0.94,0.92,extract-agent-v1.2,No,D3-DOC2016,46
D3-MRF000629,DEAL003,COMP003,D3-FAC01,ENV_ENERGY,2016,153034.21,MWh,153034.21,MWh,No,Unaudited,0.89,0.76,extract-agent-v1.2,No,D3-DOC2016,65
D3-MRF000630,DEAL003,COMP003,D3-FAC01,ENV_WATER,2016,0.42,ML,0.42,ML,No,Unaudited,0.94,0.86,extract-agent-v1.2,No,D3-DOC2016,88
D3-MRF000631,DEAL003,COMP003,D3-FAC02,ENV_SCOPE2,2016,72371.17,tCO2e,72371.17,tCO2e,No,Unaudited,0.86,0.76,extract-agent-v1.2,No,D3-DOC2016,44
D3-MRF000632,DEAL003,COMP003,D3-FAC02,ENV_ENERGY,2016,143634.64,MWh,143634.64,MWh,No,Unaudited,0.82,0.84,extract-agent-v1.2,No,D3-DOC2016,65
D3-MRF000633,DEAL003,COMP003,D3-FAC02,ENV_WATER,2016,0.41,ML,0.41,ML,No,Unaudited,0.91,0.81,extract-agent-v1.2,No,D3-DOC2016,42
D3-MRF000634,DEAL003,COMP003,D3-FAC05,ENV_SCOPE2,2016,74269.97,tCO2e,74269.97,tCO2e,No,Unaudited,0.8,0.93,extract-agent-v1.2,No,D3-DOC2016,84
D3-MRF000635,DEAL003,COMP003,D3-FAC05,ENV_ENERGY,2016,152800.82,MWh,152800.82,MWh,No,Unaudited,0.92,0.7,extract-agent-v1.2,No,D3-DOC2016,65
D3-MRF000636,DEAL003,COMP003,D3-FAC05,ENV_WATER,2016,0.42,ML,0.42,ML,No,Unaudited,0.84,0.81,extract-agent-v1.2,No,D3-DOC2016,49
D3-MRF000637,DEAL003,COMP003,D3-FAC03,ENV_DC_PUE,2016,1.69,ratio,1.69,ratio,No,Unaudited,0.86,0.76,extract-agent-v1.2,No,D3-DOC2016,54
D3-MR00200,DEAL003,COMP003,,ENV_SCOPE1,2017,24431.24,tCO2e,24431.24,tCO2e,No,Unaudited,0.94,0.92,extract-agent-v1.2,No,D3-DOC2017,88
D3-MR00201,DEAL003,COMP003,,ENV_SCOPE2,2017,346932.26,tCO2e,346932.26,tCO2e,No,Unaudited,0.94,0.95,extract-agent-v1.2,No,D3-DOC2017,33
D3-MR00202,DEAL003,COMP003,,ENV_SCOPE3,2017,592413.35,tCO2e,592413.35,tCO2e,Yes,Unaudited,0.83,0.79,extract-agent-v1.2,No,D3-DOC2017,18
D3-MR00203,DEAL003,COMP003,,ENV_ENERGY,2017,797410.78,MWh,797410.78,MWh,No,Unaudited,0.93,0.74,extract-agent-v1.2,No,D3-DOC2017,21
D3-MR00204,DEAL003,COMP003,,ENV_RENEW_PCT,2017,34.45,%,34.45,%,No,Unaudited,0.91,0.87,extract-agent-v1.2,No,D3-DOC2017,15
D3-MR00205,DEAL003,COMP003,,ENV_DC_PUE,2017,1.62,ratio,1.62,ratio,No,Unaudited,0.84,0.94,extract-agent-v1.2,No,D3-DOC2017,81
D3-MR00206,DEAL003,COMP003,,ENV_WATER,2017,2.22,ML,2.22,ML,No,Unaudited,0.93,0.9,extract-agent-v1.2,No,D3-DOC2017,28
D3-MR00207,DEAL003,COMP003,,ENV_EWASTE,2017,455.58,tonnes,455.58,tonnes,No,Unaudited,0.91,0.9,extract-agent-v1.2,No,D3-DOC2017,56
D3-MR00208,DEAL003,COMP003,,ENV_EWASTE_REC_PCT,2017,82.85,%,82.85,%,No,Unaudited,0.87,0.79,extract-agent-v1.2,No,D3-DOC2017,31
D3-MR00209,DEAL003,COMP003,,SOC_HEADCOUNT,2017,42119,count,42119,count,No,Unaudited,0.96,0.89,extract-agent-v1.2,No,D3-DOC2017,54
D3-MR00210,DEAL003,COMP003,,SOC_FEMALE_PCT,2017,37.66,%,37.66,%,No,Unaudited,0.83,0.83,extract-agent-v1.2,No,D3-DOC2017,42
D3-MR00211,DEAL003,COMP003,,SOC_ATTRITION,2017,10.23,%,10.23,%,No,Unaudited,0.88,0.78,extract-agent-v1.2,No,D3-DOC2017,88
D3-MR00212,DEAL003,COMP003,,SOC_TRAIN_HRS,2017,42.11,hours,42.11,hours,No,Unaudited,0.98,0.9,extract-agent-v1.2,No,D3-DOC2017,13
D3-MR00213,DEAL003,COMP003,,SOC_LTIFR,2017,0.2,per million hrs,0.2,per million hrs,No,Unaudited,0.84,0.96,extract-agent-v1.2,No,D3-DOC2017,38
D3-MR00214,DEAL003,COMP003,,SOC_ESAT,2017,76.47,score,76.47,score,No,Unaudited,0.88,0.88,extract-agent-v1.2,No,D3-DOC2017,31
D3-MR00215,DEAL003,COMP003,,GOV_BOARD_INDEP_PCT,2017,55.64,%,55.64,%,No,Unaudited,0.86,0.91,extract-agent-v1.2,No,D3-DOC2017,39
D3-MR00216,DEAL003,COMP003,,GOV_WOMEN_BOARD_PCT,2017,24.95,%,24.95,%,No,Unaudited,0.84,0.8,extract-agent-v1.2,No,D3-DOC2017,34
D3-MR00217,DEAL003,COMP003,,GOV_DATA_BREACH,2017,2,count,2,count,No,Unaudited,0.94,0.76,extract-agent-v1.2,No,D3-DOC2017,40
D3-MR00218,DEAL003,COMP003,,GOV_ETHICS_CASES,2017,29,count,29,count,No,Unaudited,0.94,0.84,extract-agent-v1.2,No,D3-DOC2017,42
D3-MRF000657,DEAL003,COMP003,D3-FAC01,ENV_SCOPE2,2017,70949.08,tCO2e,70949.08,tCO2e,No,Unaudited,0.97,0.78,extract-agent-v1.2,No,D3-DOC2017,30
D3-MRF000658,DEAL003,COMP003,D3-FAC01,ENV_ENERGY,2017,155842.4,MWh,155842.4,MWh,No,Unaudited,0.82,0.83,extract-agent-v1.2,No,D3-DOC2017,80
D3-MRF000659,DEAL003,COMP003,D3-FAC01,ENV_WATER,2017,0.44,ML,0.44,ML,No,Unaudited,0.86,0.76,extract-agent-v1.2,No,D3-DOC2017,77
D3-MRF000660,DEAL003,COMP003,D3-FAC02,ENV_SCOPE2,2017,70366.38,tCO2e,70366.38,tCO2e,No,Unaudited,0.82,0.83,extract-agent-v1.2,No,D3-DOC2017,42
D3-MRF000661,DEAL003,COMP003,D3-FAC02,ENV_ENERGY,2017,160035.73,MWh,160035.73,MWh,No,Unaudited,0.94,0.92,extract-agent-v1.2,No,D3-DOC2017,71
D3-MRF000662,DEAL003,COMP003,D3-FAC02,ENV_WATER,2017,0.46,ML,0.46,ML,No,Unaudited,0.86,0.92,extract-agent-v1.2,No,D3-DOC2017,63
D3-MRF000663,DEAL003,COMP003,D3-FAC05,ENV_SCOPE2,2017,71462.28,tCO2e,71462.28,tCO2e,No,Unaudited,0.89,0.72,extract-agent-v1.2,No,D3-DOC2017,40
D3-MRF000664,DEAL003,COMP003,D3-FAC05,ENV_ENERGY,2017,155008.64,MWh,155008.64,MWh,No,Unaudited,0.95,0.94,extract-agent-v1.2,No,D3-DOC2017,87
D3-MRF000665,DEAL003,COMP003,D3-FAC05,ENV_WATER,2017,0.45,ML,0.45,ML,No,Unaudited,0.81,0.89,extract-agent-v1.2,No,D3-DOC2017,16
D3-MRF000666,DEAL003,COMP003,D3-FAC03,ENV_DC_PUE,2017,1.66,ratio,1.66,ratio,No,Unaudited,0.96,0.76,extract-agent-v1.2,No,D3-DOC2017,20
D3-MR00300,DEAL003,COMP003,,ENV_SCOPE1,2018,23562.63,tCO2e,23562.63,tCO2e,No,Unaudited,0.95,0.95,extract-agent-v1.2,No,D3-DOC2018,43
D3-MR00301,DEAL003,COMP003,,ENV_SCOPE2,2018,321448.47,tCO2e,321448.47,tCO2e,No,Unaudited,0.93,0.93,extract-agent-v1.2,No,D3-DOC2018,87
D3-MR00302,DEAL003,COMP003,,ENV_SCOPE3,2018,634175.54,tCO2e,634175.54,tCO2e,Yes,Unaudited,0.88,0.78,extract-agent-v1.2,No,D3-DOC2018,67
D3-MR00303,DEAL003,COMP003,,ENV_ENERGY,2018,883466.87,MWh,883466.87,MWh,No,Unaudited,0.97,0.89,extract-agent-v1.2,No,D3-DOC2018,75
D3-MR00304,DEAL003,COMP003,,ENV_RENEW_PCT,2018,39.57,%,39.57,%,No,Unaudited,0.88,0.83,extract-agent-v1.2,No,D3-DOC2018,57
D3-MR00305,DEAL003,COMP003,,ENV_DC_PUE,2018,1.54,ratio,1.54,ratio,No,Unaudited,0.99,0.88,extract-agent-v1.2,No,D3-DOC2018,53
D3-MR00306,DEAL003,COMP003,,ENV_WATER,2018,2.4,ML,2.4,ML,No,Unaudited,0.97,0.75,extract-agent-v1.2,No,D3-DOC2018,68
D3-MR00307,DEAL003,COMP003,,ENV_EWASTE,2018,487.86,tonnes,487.86,tonnes,No,Unaudited,0.83,0.78,extract-agent-v1.2,No,D3-DOC2018,74
D3-MR00308,DEAL003,COMP003,,ENV_EWASTE_REC_PCT,2018,86.0,%,86.0,%,No,Unaudited,0.82,0.9,extract-agent-v1.2,No,D3-DOC2018,69
D3-MR00309,DEAL003,COMP003,,SOC_HEADCOUNT,2018,47580,count,47580,count,No,Unaudited,0.96,0.96,extract-agent-v1.2,No,D3-DOC2018,81
D3-MR00310,DEAL003,COMP003,,SOC_FEMALE_PCT,2018,38.95,%,38.95,%,No,Unaudited,0.94,0.79,extract-agent-v1.2,No,D3-DOC2018,81
D3-MR00311,DEAL003,COMP003,,SOC_ATTRITION,2018,9.77,%,9.77,%,No,Unaudited,0.84,0.91,extract-agent-v1.2,No,D3-DOC2018,56
D3-MR00312,DEAL003,COMP003,,SOC_TRAIN_HRS,2018,45.78,hours,45.78,hours,No,Unaudited,0.87,0.92,extract-agent-v1.2,No,D3-DOC2018,50
D3-MR00313,DEAL003,COMP003,,SOC_LTIFR,2018,0.16,per million hrs,0.16,per million hrs,No,Unaudited,0.9,0.93,extract-agent-v1.2,No,D3-DOC2018,15
D3-MR00314,DEAL003,COMP003,,SOC_ESAT,2018,78.5,score,78.5,score,No,Unaudited,0.86,0.91,extract-agent-v1.2,No,D3-DOC2018,63
D3-MR00315,DEAL003,COMP003,,GOV_BOARD_INDEP_PCT,2018,57.68,%,57.68,%,No,Unaudited,0.85,0.85,extract-agent-v1.2,No,D3-DOC2018,42
D3-MR00316,DEAL003,COMP003,,GOV_WOMEN_BOARD_PCT,2018,27.3,%,27.3,%,No,Unaudited,0.83,0.75,extract-agent-v1.2,No,D3-DOC2018,87
D3-MR00317,DEAL003,COMP003,,GOV_DATA_BREACH,2018,2,count,2,count,No,Unaudited,0.82,0.79,extract-agent-v1.2,No,D3-DOC2018,33
D3-MR00318,DEAL003,COMP003,,GOV_ETHICS_CASES,2018,30,count,30,count,No,Unaudited,0.95,0.74,extract-agent-v1.2,No,D3-DOC2018,17
D3-MRF000686,DEAL003,COMP003,D3-FAC01,ENV_SCOPE2,2018,63061.94,tCO2e,63061.94,tCO2e,No,Unaudited,0.91,0.74,extract-agent-v1.2,No,D3-DOC2018,38
D3-MRF000687,DEAL003,COMP003,D3-FAC01,ENV_ENERGY,2018,169210.72,MWh,169210.72,MWh,No,Unaudited,0.89,0.92,extract-agent-v1.2,No,D3-DOC2018,32
D3-MRF000688,DEAL003,COMP003,D3-FAC01,ENV_WATER,2018,0.47,ML,0.47,ML,No,Unaudited,0.86,0.77,extract-agent-v1.2,No,D3-DOC2018,16
D3-MRF000689,DEAL003,COMP003,D3-FAC02,ENV_SCOPE2,2018,62968.96,tCO2e,62968.96,tCO2e,No,Unaudited,0.86,0.85,extract-agent-v1.2,No,D3-DOC2018,87
D3-MRF000690,DEAL003,COMP003,D3-FAC02,ENV_ENERGY,2018,169042.0,MWh,169042.0,MWh,No,Unaudited,0.87,0.95,extract-agent-v1.2,No,D3-DOC2018,59
D3-MRF000691,DEAL003,COMP003,D3-FAC02,ENV_WATER,2018,0.46,ML,0.46,ML,No,Unaudited,0.84,0.84,extract-agent-v1.2,No,D3-DOC2018,59
D3-MRF000692,DEAL003,COMP003,D3-FAC05,ENV_SCOPE2,2018,64605.93,tCO2e,64605.93,tCO2e,No,Unaudited,0.83,0.78,extract-agent-v1.2,No,D3-DOC2018,56
D3-MRF000693,DEAL003,COMP003,D3-FAC05,ENV_ENERGY,2018,179928.2,MWh,179928.2,MWh,No,Unaudited,0.92,0.78,extract-agent-v1.2,No,D3-DOC2018,45
D3-MRF000694,DEAL003,COMP003,D3-FAC05,ENV_WATER,2018,0.48,ML,0.48,ML,No,Unaudited,0.94,0.84,extract-agent-v1.2,No,D3-DOC2018,52
D3-MRF000695,DEAL003,COMP003,D3-FAC03,ENV_DC_PUE,2018,1.56,ratio,1.56,ratio,No,Unaudited,0.84,0.84,extract-agent-v1.2,No,D3-DOC2018,59
D3-MR00400,DEAL003,COMP003,,ENV_SCOPE1,2019,22631.71,tCO2e,22631.71,tCO2e,No,Unaudited,0.88,0.92,extract-agent-v1.2,No,D3-DOC2019,61
D3-MR00401,DEAL003,COMP003,,ENV_SCOPE2,2019,300474.05,tCO2e,300474.05,tCO2e,No,Unaudited,0.87,0.85,extract-agent-v1.2,No,D3-DOC2019,34
D3-MR00402,DEAL003,COMP003,,ENV_SCOPE3,2019,684185.84,tCO2e,684185.84,tCO2e,No,Unaudited,0.86,0.82,extract-agent-v1.2,No,D3-DOC2019,80
D3-MR00403,DEAL003,COMP003,,ENV_ENERGY,2019,959451.47,MWh,959451.47,MWh,No,Unaudited,0.93,0.83,extract-agent-v1.2,No,D3-DOC2019,79
D3-MR00404,DEAL003,COMP003,,ENV_RENEW_PCT,2019,43.97,%,43.97,%,No,Unaudited,0.96,0.97,extract-agent-v1.2,No,D3-DOC2019,46
D3-MR00405,DEAL003,COMP003,,ENV_DC_PUE,2019,1.51,ratio,1.51,ratio,No,Unaudited,0.98,0.83,extract-agent-v1.2,No,D3-DOC2019,87
D3-MR00406,DEAL003,COMP003,,ENV_WATER,2019,2.5,ML,2.5,ML,No,Unaudited,0.87,0.96,extract-agent-v1.2,No,D3-DOC2019,24
D3-MR00407,DEAL003,COMP003,,ENV_EWASTE,2019,534.38,tonnes,534.38,tonnes,No,Unaudited,0.98,0.92,extract-agent-v1.2,No,D3-DOC2019,32
D3-MR00408,DEAL003,COMP003,,ENV_EWASTE_REC_PCT,2019,88.24,%,88.24,%,No,Unaudited,0.94,0.94,extract-agent-v1.2,No,D3-DOC2019,69
D3-MR00409,DEAL003,COMP003,,SOC_HEADCOUNT,2019,55186,count,55186,count,No,Unaudited,0.94,0.74,extract-agent-v1.2,No,D3-DOC2019,24
D3-MR00410,DEAL003,COMP003,,SOC_FEMALE_PCT,2019,40.38,%,40.38,%,No,Unaudited,0.91,0.88,extract-agent-v1.2,No,D3-DOC2019,43
D3-MR00411,DEAL003,COMP003,,SOC_ATTRITION,2019,9.44,%,9.44,%,No,Unaudited,0.91,0.71,extract-agent-v1.2,No,D3-DOC2019,31
D3-MR00412,DEAL003,COMP003,,SOC_TRAIN_HRS,2019,48.46,hours,48.46,hours,No,Unaudited,0.85,0.87,extract-agent-v1.2,No,D3-DOC2019,40
D3-MR00413,DEAL003,COMP003,,SOC_LTIFR,2019,0.13,per million hrs,0.13,per million hrs,No,Unaudited,0.86,0.85,extract-agent-v1.2,No,D3-DOC2019,85
D3-MR00414,DEAL003,COMP003,,SOC_ESAT,2019,81.37,score,81.37,score,No,Unaudited,0.95,0.91,extract-agent-v1.2,No,D3-DOC2019,13
D3-MR00415,DEAL003,COMP003,,GOV_BOARD_INDEP_PCT,2019,60.87,%,60.87,%,No,Unaudited,0.87,0.89,extract-agent-v1.2,No,D3-DOC2019,13
D3-MR00416,DEAL003,COMP003,,GOV_WOMEN_BOARD_PCT,2019,29.98,%,29.98,%,No,Unaudited,0.96,0.89,extract-agent-v1.2,No,D3-DOC2019,71
D3-MR00417,DEAL003,COMP003,,GOV_DATA_BREACH,2019,2,count,2,count,No,Unaudited,0.93,0.94,extract-agent-v1.2,No,D3-DOC2019,23
D3-MR00418,DEAL003,COMP003,,GOV_ETHICS_CASES,2019,31,count,31,count,No,Unaudited,0.83,0.79,extract-agent-v1.2,No,D3-DOC2019,55
D3-MRF000715,DEAL003,COMP003,D3-FAC01,ENV_SCOPE2,2019,63398.03,tCO2e,63398.03,tCO2e,No,Unaudited,0.83,0.94,extract-agent-v1.2,No,D3-DOC2019,74
D3-MRF000716,DEAL003,COMP003,D3-FAC01,ENV_ENERGY,2019,190509.54,MWh,190509.54,MWh,No,Unaudited,0.86,0.78,extract-agent-v1.2,No,D3-DOC2019,59
D3-MRF000717,DEAL003,COMP003,D3-FAC01,ENV_WATER,2019,0.5,ML,0.5,ML,No,Unaudited,0.92,0.85,extract-agent-v1.2,No,D3-DOC2019,48
D3-MRF000718,DEAL003,COMP003,D3-FAC02,ENV_SCOPE2,2019,61474.99,tCO2e,61474.99,tCO2e,No,Unaudited,0.96,0.79,extract-agent-v1.2,No,D3-DOC2019,54
D3-MRF000719,DEAL003,COMP003,D3-FAC02,ENV_ENERGY,2019,192879.37,MWh,192879.37,MWh,No,Unaudited,0.9,0.76,extract-agent-v1.2,No,D3-DOC2019,69
D3-MRF000720,DEAL003,COMP003,D3-FAC02,ENV_WATER,2019,0.5,ML,0.5,ML,No,Unaudited,0.88,0.75,extract-agent-v1.2,No,D3-DOC2019,76
D3-MRF000721,DEAL003,COMP003,D3-FAC05,ENV_SCOPE2,2019,62342.25,tCO2e,62342.25,tCO2e,No,Unaudited,0.95,0.95,extract-agent-v1.2,No,D3-DOC2019,72
D3-MRF000722,DEAL003,COMP003,D3-FAC05,ENV_ENERGY,2019,191767.42,MWh,191767.42,MWh,No,Unaudited,0.85,0.93,extract-agent-v1.2,No,D3-DOC2019,33
D3-MRF000723,DEAL003,COMP003,D3-FAC05,ENV_WATER,2019,0.52,ML,0.52,ML,No,Unaudited,0.93,0.92,extract-agent-v1.2,No,D3-DOC2019,43
D3-MRF000724,DEAL003,COMP003,D3-FAC03,ENV_DC_PUE,2019,1.45,ratio,1.45,ratio,No,Unaudited,0.98,0.83,extract-agent-v1.2,No,D3-DOC2019,82
D3-MR00500,DEAL003,COMP003,,ENV_SCOPE1,2020,22560.08,tCO2e,22560.08,tCO2e,No,Assured,0.92,0.7,extract-agent-v1.2,No,D3-DOC2020,74
D3-MR00501,DEAL003,COMP003,,ENV_SCOPE2,2020,287034.8,tCO2e,287034.8,tCO2e,No,Assured,0.98,0.94,extract-agent-v1.2,No,D3-DOC2020,39
D3-MR00502,DEAL003,COMP003,,ENV_SCOPE3,2020,703858.16,tCO2e,703858.16,tCO2e,No,Assured,0.85,0.87,extract-agent-v1.2,No,D3-DOC2020,32
D3-MR00503,DEAL003,COMP003,,ENV_ENERGY,2020,996463.37,MWh,996463.37,MWh,No,Assured,0.89,0.94,extract-agent-v1.2,No,D3-DOC2020,52
D3-MR00504,DEAL003,COMP003,,ENV_RENEW_PCT,2020,49.3,%,49.3,%,No,Assured,0.89,0.84,extract-agent-v1.2,No,D3-DOC2020,18
D3-MR00505,DEAL003,COMP003,,ENV_DC_PUE,2020,1.43,ratio,1.43,ratio,No,Assured,0.91,0.75,extract-agent-v1.2,No,D3-DOC2020,22
D3-MR00506,DEAL003,COMP003,,ENV_WATER,2020,2.7,ML,2.7,ML,No,Assured,0.91,0.72,extract-agent-v1.2,No,D3-DOC2020,46
D3-MR00507,DEAL003,COMP003,,ENV_EWASTE,2020,574.96,tonnes,574.96,tonnes,No,Assured,0.92,0.8,extract-agent-v1.2,No,D3-DOC2020,83
D3-MR00508,DEAL003,COMP003,,ENV_EWASTE_REC_PCT,2020,92.44,%,92.44,%,No,Assured,0.86,0.72,extract-agent-v1.2,No,D3-DOC2020,81
D3-MR00509,DEAL003,COMP003,,SOC_HEADCOUNT,2020,59714,count,59714,count,No,Assured,0.88,0.92,extract-agent-v1.2,No,D3-DOC2020,77
D3-MR00510,DEAL003,COMP003,,SOC_FEMALE_PCT,2020,41.35,%,41.35,%,No,Assured,0.96,0.72,extract-agent-v1.2,No,D3-DOC2020,56
D3-MR00511,DEAL003,COMP003,,SOC_ATTRITION,2020,9.24,%,9.24,%,No,Assured,0.93,0.97,extract-agent-v1.2,No,D3-DOC2020,41
D3-MR00512,DEAL003,COMP003,,SOC_TRAIN_HRS,2020,53.02,hours,53.02,hours,No,Assured,0.87,0.92,extract-agent-v1.2,No,D3-DOC2020,24
D3-MR00513,DEAL003,COMP003,,SOC_LTIFR,2020,0.1,per million hrs,0.1,per million hrs,No,Assured,0.97,0.87,extract-agent-v1.2,No,D3-DOC2020,59
D3-MR00514,DEAL003,COMP003,,SOC_ESAT,2020,82.38,score,82.38,score,No,Assured,0.86,0.73,extract-agent-v1.2,No,D3-DOC2020,13
D3-MR00515,DEAL003,COMP003,,GOV_BOARD_INDEP_PCT,2020,62.31,%,62.31,%,No,Assured,0.96,0.78,extract-agent-v1.2,No,D3-DOC2020,73
D3-MR00516,DEAL003,COMP003,,GOV_WOMEN_BOARD_PCT,2020,31.37,%,31.37,%,No,Assured,0.84,0.96,extract-agent-v1.2,No,D3-DOC2020,53
D3-MR00517,DEAL003,COMP003,,GOV_DATA_BREACH,2020,2,count,2,count,No,Assured,0.89,0.97,extract-agent-v1.2,No,D3-DOC2020,47
D3-MR00518,DEAL003,COMP003,,GOV_ETHICS_CASES,2020,32,count,32,count,No,Assured,0.91,0.8,extract-agent-v1.2,No,D3-DOC2020,24
D3-MRF000744,DEAL003,COMP003,D3-FAC01,ENV_SCOPE2,2020,56041.78,tCO2e,56041.78,tCO2e,No,Assured,0.88,0.94,extract-agent-v1.2,No,D3-DOC2020,36
D3-MRF000745,DEAL003,COMP003,D3-FAC01,ENV_ENERGY,2020,198145.63,MWh,198145.63,MWh,No,Assured,0.97,0.8,extract-agent-v1.2,No,D3-DOC2020,63
D3-MRF000746,DEAL003,COMP003,D3-FAC01,ENV_WATER,2020,0.54,ML,0.54,ML,No,Assured,0.83,0.78,extract-agent-v1.2,No,D3-DOC2020,52
D3-MRF000747,DEAL003,COMP003,D3-FAC02,ENV_SCOPE2,2020,58610.21,tCO2e,58610.21,tCO2e,No,Assured,0.97,0.76,extract-agent-v1.2,No,D3-DOC2020,66
D3-MRF000748,DEAL003,COMP003,D3-FAC02,ENV_ENERGY,2020,199767.56,MWh,199767.56,MWh,No,Assured,0.82,0.94,extract-agent-v1.2,No,D3-DOC2020,37
D3-MRF000749,DEAL003,COMP003,D3-FAC02,ENV_WATER,2020,0.54,ML,0.54,ML,No,Assured,0.82,0.88,extract-agent-v1.2,No,D3-DOC2020,73
D3-MRF000750,DEAL003,COMP003,D3-FAC05,ENV_SCOPE2,2020,58918.62,tCO2e,58918.62,tCO2e,No,Assured,0.85,0.76,extract-agent-v1.2,No,D3-DOC2020,12
D3-MRF000751,DEAL003,COMP003,D3-FAC05,ENV_ENERGY,2020,197892.04,MWh,197892.04,MWh,No,Assured,0.95,0.82,extract-agent-v1.2,No,D3-DOC2020,27
D3-MRF000752,DEAL003,COMP003,D3-FAC05,ENV_WATER,2020,0.54,ML,0.54,ML,No,Assured,0.83,0.77,extract-agent-v1.2,No,D3-DOC2020,40
D3-MRF000753,DEAL003,COMP003,D3-FAC03,ENV_DC_PUE,2020,1.42,ratio,1.42,ratio,No,Assured,0.83,0.92,extract-agent-v1.2,No,D3-DOC2020,74
D3-MR00600,DEAL003,COMP003,,ENV_SCOPE1,2021,21920.95,tCO2e,21920.95,tCO2e,No,Assured,0.85,0.84,extract-agent-v1.2,No,D3-DOC2021,56
D3-MR00601,DEAL003,COMP003,,ENV_SCOPE2,2021,265539.89,tCO2e,265539.89,tCO2e,No,Assured,0.87,0.97,extract-agent-v1.2,No,D3-DOC2021,47
D3-MR00602,DEAL003,COMP003,,ENV_SCOPE3,2021,745443.8,tCO2e,745443.8,tCO2e,No,Assured,0.85,0.76,extract-agent-v1.2,No,D3-DOC2021,69
D3-MR00603,DEAL003,COMP003,,ENV_ENERGY,2021,1083758.81,MWh,1083758.81,MWh,No,Assured,0.86,0.83,extract-agent-v1.2,No,D3-DOC2021,82
D3-MR00604,DEAL003,COMP003,,ENV_RENEW_PCT,2021,53.67,%,53.67,%,No,Assured,0.92,0.93,extract-agent-v1.2,No,D3-DOC2021,61
D3-MR00605,DEAL003,COMP003,,ENV_DC_PUE,2021,1.32,ratio,1.32,ratio,No,Assured,0.87,0.76,extract-agent-v1.2,No,D3-DOC2021,19
D3-MR00606,DEAL003,COMP003,,ENV_WATER,2021,2.85,ML,2.85,ML,No,Assured,0.97,0.74,extract-agent-v1.2,No,D3-DOC2021,49
D3-MR00607,DEAL003,COMP003,,ENV_EWASTE,2021,600.17,tonnes,600.17,tonnes,No,Assured,0.96,0.7,extract-agent-v1.2,No,D3-DOC2021,35
D3-MR00608,DEAL003,COMP003,,ENV_EWASTE_REC_PCT,2021,95.47,%,95.47,%,No,Assured,0.96,0.88,extract-agent-v1.2,No,D3-DOC2021,22
D3-MR00609,DEAL003,COMP003,,SOC_HEADCOUNT,2021,68055,count,68055,count,No,Assured,0.95,0.94,extract-agent-v1.2,No,D3-DOC2021,54
D3-MR00610,DEAL003,COMP003,,SOC_FEMALE_PCT,2021,43.1,%,43.1,%,No,Assured,0.93,0.92,extract-agent-v1.2,No,D3-DOC2021,68
D3-MR00611,DEAL003,COMP003,,SOC_ATTRITION,2021,8.81,%,8.81,%,No,Assured,0.88,0.94,extract-agent-v1.2,No,D3-DOC2021,48
D3-MR00612,DEAL003,COMP003,,SOC_TRAIN_HRS,2021,55.71,hours,55.71,hours,No,Assured,0.88,0.95,extract-agent-v1.2,No,D3-DOC2021,83
D3-MR00613,DEAL003,COMP003,,SOC_LTIFR,2021,0.06,per million hrs,0.06,per million hrs,No,Assured,0.91,0.95,extract-agent-v1.2,No,D3-DOC2021,87
D3-MR00614,DEAL003,COMP003,,SOC_ESAT,2021,82.05,score,82.05,score,No,Assured,0.91,0.74,extract-agent-v1.2,No,D3-DOC2021,42
D3-MR00615,DEAL003,COMP003,,GOV_BOARD_INDEP_PCT,2021,63.21,%,63.21,%,No,Assured,0.91,0.84,extract-agent-v1.2,No,D3-DOC2021,13
D3-MR00616,DEAL003,COMP003,,GOV_WOMEN_BOARD_PCT,2021,33.56,%,33.56,%,No,Assured,0.98,0.81,extract-agent-v1.2,No,D3-DOC2021,88
D3-MR00617,DEAL003,COMP003,,GOV_DATA_BREACH,2021,2,count,2,count,No,Assured,0.84,0.88,extract-agent-v1.2,No,D3-DOC2021,16
D3-MR00618,DEAL003,COMP003,,GOV_ETHICS_CASES,2021,34,count,34,count,No,Assured,0.92,0.75,extract-agent-v1.2,No,D3-DOC2021,50
D3-MRF000773,DEAL003,COMP003,D3-FAC01,ENV_SCOPE2,2021,54478.17,tCO2e,54478.17,tCO2e,No,Assured,0.86,0.9,extract-agent-v1.2,No,D3-DOC2021,45
D3-MRF000774,DEAL003,COMP003,D3-FAC01,ENV_ENERGY,2021,219133.62,MWh,219133.62,MWh,No,Assured,0.93,0.73,extract-agent-v1.2,No,D3-DOC2021,54
D3-MRF000775,DEAL003,COMP003,D3-FAC01,ENV_WATER,2021,0.6,ML,0.6,ML,No,Assured,0.8,0.8,extract-agent-v1.2,No,D3-DOC2021,64
D3-MRF000776,DEAL003,COMP003,D3-FAC02,ENV_SCOPE2,2021,53923.31,tCO2e,53923.31,tCO2e,No,Assured,0.81,0.82,extract-agent-v1.2,No,D3-DOC2021,78
D3-MRF000777,DEAL003,COMP003,D3-FAC02,ENV_ENERGY,2021,222905.09,MWh,222905.09,MWh,No,Assured,0.96,0.94,extract-agent-v1.2,No,D3-DOC2021,13
D3-MRF000778,DEAL003,COMP003,D3-FAC02,ENV_WATER,2021,0.58,ML,0.58,ML,No,Assured,0.8,0.91,extract-agent-v1.2,No,D3-DOC2021,39
D3-MRF000779,DEAL003,COMP003,D3-FAC05,ENV_SCOPE2,2021,52007.56,tCO2e,52007.56,tCO2e,No,Assured,0.88,0.86,extract-agent-v1.2,No,D3-DOC2021,32
D3-MRF000780,DEAL003,COMP003,D3-FAC05,ENV_ENERGY,2021,221763.63,MWh,221763.63,MWh,No,Assured,0.95,0.93,extract-agent-v1.2,No,D3-DOC2021,64
D3-MRF000781,DEAL003,COMP003,D3-FAC05,ENV_WATER,2021,0.58,ML,0.58,ML,No,Assured,0.88,0.84,extract-agent-v1.2,No,D3-DOC2021,30
D3-MRF000782,DEAL003,COMP003,D3-FAC03,ENV_DC_PUE,2021,1.32,ratio,1.32,ratio,No,Assured,0.92,0.82,extract-agent-v1.2,No,D3-DOC2021,54
D3-MR00700,DEAL003,COMP003,,ENV_SCOPE1,2022,20841.54,tCO2e,20841.54,tCO2e,No,Assured,0.88,0.75,extract-agent-v1.2,Yes,D3-DOC2022,64
D3-MR00701,DEAL003,COMP003,,ENV_SCOPE2,2022,241839.74,tCO2e,241839.74,tCO2e,No,Assured,0.85,0.96,extract-agent-v1.2,Yes,D3-DOC2022,22
D3-MR00702,DEAL003,COMP003,,ENV_SCOPE3,2022,791831.67,tCO2e,791831.67,tCO2e,No,Assured,0.83,0.72,extract-agent-v1.2,Yes,D3-DOC2022,48
D3-MR00703,DEAL003,COMP003,,ENV_ENERGY,2022,1135304.01,MWh,1135304.01,MWh,No,Assured,0.9,0.94,extract-agent-v1.2,Yes,D3-DOC2022,56
D3-MR00704,DEAL003,COMP003,,ENV_RENEW_PCT,2022,58.21,%,58.21,%,No,Assured,0.85,0.96,extract-agent-v1.2,Yes,D3-DOC2022,24
D3-MR00705,DEAL003,COMP003,,ENV_DC_PUE,2022,1.24,ratio,1.24,ratio,No,Assured,0.84,0.94,extract-agent-v1.2,Yes,D3-DOC2022,66
D3-MR00706,DEAL003,COMP003,,ENV_WATER,2022,3.04,ML,3.04,ML,No,Assured,0.98,0.93,extract-agent-v1.2,Yes,D3-DOC2022,47
D3-MR00707,DEAL003,COMP003,,ENV_EWASTE,2022,645.05,tonnes,645.05,tonnes,No,Assured,0.98,0.86,extract-agent-v1.2,Yes,D3-DOC2022,31
D3-MR00708,DEAL003,COMP003,,ENV_EWASTE_REC_PCT,2022,100.75,%,100.75,%,No,Assured,0.93,0.71,extract-agent-v1.2,Yes,D3-DOC2022,39
D3-MR00709,DEAL003,COMP003,,SOC_HEADCOUNT,2022,72176,count,72176,count,No,Assured,0.89,0.74,extract-agent-v1.2,Yes,D3-DOC2022,49
D3-MR00710,DEAL003,COMP003,,SOC_FEMALE_PCT,2022,44.15,%,44.15,%,No,Assured,0.92,0.89,extract-agent-v1.2,Yes,D3-DOC2022,28
D3-MR00711,DEAL003,COMP003,,SOC_ATTRITION,2022,13.29,%,13.29,%,No,Assured,0.98,0.71,extract-agent-v1.2,Yes,D3-DOC2022,55
D3-MR00712,DEAL003,COMP003,,SOC_TRAIN_HRS,2022,59.0,hours,59.0,hours,No,Assured,0.99,0.74,extract-agent-v1.2,Yes,D3-DOC2022,50
D3-MR00713,DEAL003,COMP003,,SOC_LTIFR,2022,0.03,per million hrs,0.03,per million hrs,No,Assured,0.83,0.76,extract-agent-v1.2,Yes,D3-DOC2022,53
D3-MR00714,DEAL003,COMP003,,SOC_ESAT,2022,82.74,score,82.74,score,No,Assured,0.91,0.74,extract-agent-v1.2,Yes,D3-DOC2022,39
D3-MR00715,DEAL003,COMP003,,GOV_BOARD_INDEP_PCT,2022,66.83,%,66.83,%,No,Assured,0.9,0.77,extract-agent-v1.2,Yes,D3-DOC2022,77
D3-MR00716,DEAL003,COMP003,,GOV_WOMEN_BOARD_PCT,2022,36.37,%,36.37,%,No,Assured,0.85,0.79,extract-agent-v1.2,Yes,D3-DOC2022,47
D3-MR00717,DEAL003,COMP003,,GOV_DATA_BREACH,2022,3,count,3,count,No,Assured,0.99,0.81,extract-agent-v1.2,Yes,D3-DOC2022,81
D3-MR00718,DEAL003,COMP003,,GOV_ETHICS_CASES,2022,34,count,34,count,No,Assured,0.84,0.76,extract-agent-v1.2,Yes,D3-DOC2022,72
D3-MRF000802,DEAL003,COMP003,D3-FAC01,ENV_SCOPE2,2022,48361.37,tCO2e,48361.37,tCO2e,No,Assured,0.95,0.75,extract-agent-v1.2,Yes,D3-DOC2022,51
D3-MRF000803,DEAL003,COMP003,D3-FAC01,ENV_ENERGY,2022,228079.77,MWh,228079.77,MWh,No,Assured,0.86,0.81,extract-agent-v1.2,Yes,D3-DOC2022,85
D3-MRF000804,DEAL003,COMP003,D3-FAC01,ENV_WATER,2022,0.61,ML,0.61,ML,No,Assured,0.97,0.71,extract-agent-v1.2,Yes,D3-DOC2022,72
D3-MRF000805,DEAL003,COMP003,D3-FAC02,ENV_SCOPE2,2022,48567.92,tCO2e,48567.92,tCO2e,No,Assured,0.81,0.89,extract-agent-v1.2,Yes,D3-DOC2022,72
D3-MRF000806,DEAL003,COMP003,D3-FAC02,ENV_ENERGY,2022,229674.76,MWh,229674.76,MWh,No,Assured,0.86,0.88,extract-agent-v1.2,Yes,D3-DOC2022,19
D3-MRF000807,DEAL003,COMP003,D3-FAC02,ENV_WATER,2022,0.58,ML,0.58,ML,No,Assured,0.91,0.84,extract-agent-v1.2,Yes,D3-DOC2022,74
D3-MRF000808,DEAL003,COMP003,D3-FAC05,ENV_SCOPE2,2022,48486.73,tCO2e,48486.73,tCO2e,No,Assured,0.81,0.74,extract-agent-v1.2,Yes,D3-DOC2022,88
D3-MRF000809,DEAL003,COMP003,D3-FAC05,ENV_ENERGY,2022,224991.04,MWh,224991.04,MWh,No,Assured,0.96,0.79,extract-agent-v1.2,Yes,D3-DOC2022,24
D3-MRF000810,DEAL003,COMP003,D3-FAC05,ENV_WATER,2022,0.63,ML,0.63,ML,No,Assured,0.85,0.81,extract-agent-v1.2,Yes,D3-DOC2022,77
D3-MRF000811,DEAL003,COMP003,D3-FAC03,ENV_DC_PUE,2022,1.26,ratio,1.26,ratio,No,Assured,0.93,0.73,extract-agent-v1.2,Yes,D3-DOC2022,73
D3-MR00800,DEAL003,COMP003,,ENV_SCOPE1,2023,20764.26,tCO2e,20764.26,tCO2e,No,Assured,0.94,0.8,extract-agent-v1.2,Yes,D3-DOC2023,43
D3-MR00801,DEAL003,COMP003,,ENV_SCOPE2,2023,219242.3,tCO2e,219242.3,tCO2e,No,Assured,0.86,0.92,extract-agent-v1.2,Yes,D3-DOC2023,34
D3-MR00802,DEAL003,COMP003,,ENV_SCOPE3,2023,846286.34,tCO2e,846286.34,tCO2e,No,Assured,0.83,0.76,extract-agent-v1.2,Yes,D3-DOC2023,13
D3-MR00803,DEAL003,COMP003,,ENV_ENERGY,2023,1214455.13,MWh,1214455.13,MWh,No,Assured,0.95,0.94,extract-agent-v1.2,Yes,D3-DOC2023,14
D3-MR00804,DEAL003,COMP003,,ENV_RENEW_PCT,2023,63.29,%,63.29,%,No,Assured,0.92,0.74,extract-agent-v1.2,Yes,D3-DOC2023,75
D3-MR00805,DEAL003,COMP003,,ENV_DC_PUE,2023,1.17,ratio,1.17,ratio,No,Assured,0.92,0.89,extract-agent-v1.2,Yes,D3-DOC2023,37
D3-MR00806,DEAL003,COMP003,,ENV_WATER,2023,3.19,ML,3.19,ML,No,Assured,0.91,0.71,extract-agent-v1.2,Yes,D3-DOC2023,84
D3-MR00807,DEAL003,COMP003,,ENV_EWASTE,2023,685.48,tonnes,685.48,tonnes,No,Assured,0.96,0.81,extract-agent-v1.2,Yes,D3-DOC2023,66
D3-MR00808,DEAL003,COMP003,,ENV_EWASTE_REC_PCT,2023,101.17,%,101.17,%,No,Assured,0.93,0.74,extract-agent-v1.2,Yes,D3-DOC2023,70
D3-MR00809,DEAL003,COMP003,,SOC_HEADCOUNT,2023,79261,count,79261,count,No,Assured,0.87,0.71,extract-agent-v1.2,Yes,D3-DOC2023,60
D3-MR00810,DEAL003,COMP003,,SOC_FEMALE_PCT,2023,45.28,%,45.28,%,No,Assured,0.97,0.82,extract-agent-v1.2,Yes,D3-DOC2023,37
D3-MR00811,DEAL003,COMP003,,SOC_ATTRITION,2023,8.44,%,8.44,%,No,Assured,0.88,0.96,extract-agent-v1.2,Yes,D3-DOC2023,76
D3-MR00812,DEAL003,COMP003,,SOC_TRAIN_HRS,2023,63.32,hours,63.32,hours,No,Assured,0.88,0.86,extract-agent-v1.2,Yes,D3-DOC2023,54
D3-MR00813,DEAL003,COMP003,,SOC_LTIFR,2023,-0.0,per million hrs,-0.0,per million hrs,No,Assured,0.94,0.77,extract-agent-v1.2,Yes,D3-DOC2023,78
D3-MR00814,DEAL003,COMP003,,SOC_ESAT,2023,85.13,score,85.13,score,No,Assured,0.93,0.73,extract-agent-v1.2,Yes,D3-DOC2023,75
D3-MR00815,DEAL003,COMP003,,GOV_BOARD_INDEP_PCT,2023,68.54,%,68.54,%,No,Assured,0.95,0.92,extract-agent-v1.2,Yes,D3-DOC2023,27
D3-MR00816,DEAL003,COMP003,,GOV_WOMEN_BOARD_PCT,2023,38.47,%,38.47,%,No,Assured,0.94,0.94,extract-agent-v1.2,Yes,D3-DOC2023,83
D3-MR00817,DEAL003,COMP003,,GOV_DATA_BREACH,2023,3,count,3,count,No,Assured,0.88,0.93,extract-agent-v1.2,Yes,D3-DOC2023,53
D3-MR00818,DEAL003,COMP003,,GOV_ETHICS_CASES,2023,37,count,37,count,No,Assured,0.95,0.97,extract-agent-v1.2,Yes,D3-DOC2023,72
D3-MRF000831,DEAL003,COMP003,D3-FAC01,ENV_SCOPE2,2023,45409.85,tCO2e,45409.85,tCO2e,No,Assured,0.84,0.84,extract-agent-v1.2,Yes,D3-DOC2023,71
D3-MRF000832,DEAL003,COMP003,D3-FAC01,ENV_ENERGY,2023,252263.67,MWh,252263.67,MWh,No,Assured,0.82,0.7,extract-agent-v1.2,Yes,D3-DOC2023,25
D3-MRF000833,DEAL003,COMP003,D3-FAC01,ENV_WATER,2023,0.63,ML,0.63,ML,No,Assured,0.94,0.75,extract-agent-v1.2,Yes,D3-DOC2023,37
D3-MRF000834,DEAL003,COMP003,D3-FAC02,ENV_SCOPE2,2023,44740.9,tCO2e,44740.9,tCO2e,No,Assured,0.96,0.84,extract-agent-v1.2,Yes,D3-DOC2023,38
D3-MRF000835,DEAL003,COMP003,D3-FAC02,ENV_ENERGY,2023,246842.47,MWh,246842.47,MWh,No,Assured,0.89,0.91,extract-agent-v1.2,Yes,D3-DOC2023,40
D3-MRF000836,DEAL003,COMP003,D3-FAC02,ENV_WATER,2023,0.66,ML,0.66,ML,No,Assured,0.83,0.76,extract-agent-v1.2,Yes,D3-DOC2023,59
D3-MRF000837,DEAL003,COMP003,D3-FAC05,ENV_SCOPE2,2023,46051.44,tCO2e,46051.44,tCO2e,No,Assured,0.96,0.83,extract-agent-v1.2,Yes,D3-DOC2023,73
D3-MRF000838,DEAL003,COMP003,D3-FAC05,ENV_ENERGY,2023,235225.15,MWh,235225.15,MWh,No,Assured,0.92,0.87,extract-agent-v1.2,Yes,D3-DOC2023,44
D3-MRF000839,DEAL003,COMP003,D3-FAC05,ENV_WATER,2023,0.62,ML,0.62,ML,No,Assured,0.92,0.86,extract-agent-v1.2,Yes,D3-DOC2023,80
D3-MRF000840,DEAL003,COMP003,D3-FAC03,ENV_DC_PUE,2023,1.2,ratio,1.2,ratio,No,Assured,0.89,0.72,extract-agent-v1.2,Yes,D3-DOC2023,74
D3-MR00900,DEAL003,COMP003,,ENV_SCOPE1,2024,19692.66,tCO2e,19692.66,tCO2e,No,Assured,0.97,0.89,extract-agent-v1.2,Yes,D3-DOC2024,37
D3-MR00901,DEAL003,COMP003,,ENV_SCOPE2,2024,198314.35,tCO2e,198314.35,tCO2e,No,Assured,0.94,0.94,extract-agent-v1.2,Yes,D3-DOC2024,32
D3-MR00902,DEAL003,COMP003,,ENV_SCOPE3,2024,887223.39,tCO2e,887223.39,tCO2e,No,Assured,0.85,0.81,extract-agent-v1.2,Yes,D3-DOC2024,56
D3-MR00903,DEAL003,COMP003,,ENV_ENERGY,2024,1302704.06,MWh,1302704.06,MWh,No,Assured,0.88,0.92,extract-agent-v1.2,Yes,D3-DOC2024,42
D3-MR00904,DEAL003,COMP003,,ENV_RENEW_PCT,2024,67.7,%,67.7,%,No,Assured,0.94,0.74,extract-agent-v1.2,Yes,D3-DOC2024,87
D3-MR00905,DEAL003,COMP003,,ENV_DC_PUE,2024,1.11,ratio,1.11,ratio,No,Assured,0.99,0.82,extract-agent-v1.2,Yes,D3-DOC2024,76
D3-MR00906,DEAL003,COMP003,,ENV_WATER,2024,3.42,ML,3.42,ML,No,Assured,0.98,0.83,extract-agent-v1.2,Yes,D3-DOC2024,38
D3-MR00907,DEAL003,COMP003,,ENV_EWASTE,2024,710.67,tonnes,710.67,tonnes,No,Assured,0.95,0.91,extract-agent-v1.2,Yes,D3-DOC2024,59
D3-MR00908,DEAL003,COMP003,,ENV_EWASTE_REC_PCT,2024,105.84,%,105.84,%,No,Assured,0.92,0.81,extract-agent-v1.2,Yes,D3-DOC2024,79
D3-MR00909,DEAL003,COMP003,,SOC_HEADCOUNT,2024,84541,count,84541,count,No,Assured,0.86,0.73,extract-agent-v1.2,Yes,D3-DOC2024,19
D3-MR00910,DEAL003,COMP003,,SOC_FEMALE_PCT,2024,46.44,%,46.44,%,No,Assured,0.89,0.94,extract-agent-v1.2,Yes,D3-DOC2024,54
D3-MR00911,DEAL003,COMP003,,SOC_ATTRITION,2024,7.97,%,7.97,%,No,Assured,0.94,0.94,extract-agent-v1.2,Yes,D3-DOC2024,30
D3-MR00912,DEAL003,COMP003,,SOC_TRAIN_HRS,2024,66.15,hours,66.15,hours,No,Assured,0.88,0.82,extract-agent-v1.2,Yes,D3-DOC2024,83
D3-MR00913,DEAL003,COMP003,,SOC_LTIFR,2024,-0.03,per million hrs,-0.03,per million hrs,No,Assured,0.95,0.79,extract-agent-v1.2,Yes,D3-DOC2024,18
D3-MR00914,DEAL003,COMP003,,SOC_ESAT,2024,87.35,score,87.35,score,No,Assured,0.94,0.98,extract-agent-v1.2,Yes,D3-DOC2024,63
D3-MR00915,DEAL003,COMP003,,GOV_BOARD_INDEP_PCT,2024,70.06,%,70.06,%,No,Assured,0.99,0.89,extract-agent-v1.2,Yes,D3-DOC2024,32
D3-MR00916,DEAL003,COMP003,,GOV_WOMEN_BOARD_PCT,2024,40.34,%,40.34,%,No,Assured,0.88,0.93,extract-agent-v1.2,Yes,D3-DOC2024,86
D3-MR00917,DEAL003,COMP003,,GOV_DATA_BREACH,2024,3,count,3,count,No,Assured,0.88,0.77,extract-agent-v1.2,Yes,D3-DOC2024,72
D3-MR00918,DEAL003,COMP003,,GOV_ETHICS_CASES,2024,37,count,37,count,No,Assured,0.95,0.87,extract-agent-v1.2,Yes,D3-DOC2024,69
D3-MRF000860,DEAL003,COMP003,D3-FAC01,ENV_SCOPE2,2024,41592.4,tCO2e,41592.4,tCO2e,No,Assured,0.97,0.71,extract-agent-v1.2,Yes,D3-DOC2024,51
D3-MRF000861,DEAL003,COMP003,D3-FAC01,ENV_ENERGY,2024,263063.34,MWh,263063.34,MWh,No,Assured,0.93,0.94,extract-agent-v1.2,Yes,D3-DOC2024,81
D3-MRF000862,DEAL003,COMP003,D3-FAC01,ENV_WATER,2024,0.67,ML,0.67,ML,No,Assured,0.8,0.91,extract-agent-v1.2,Yes,D3-DOC2024,21
D3-MRF000863,DEAL003,COMP003,D3-FAC02,ENV_SCOPE2,2024,40976.35,tCO2e,40976.35,tCO2e,No,Assured,0.94,0.93,extract-agent-v1.2,Yes,D3-DOC2024,30
D3-MRF000864,DEAL003,COMP003,D3-FAC02,ENV_ENERGY,2024,262556.42,MWh,262556.42,MWh,No,Assured,0.9,0.85,extract-agent-v1.2,Yes,D3-DOC2024,63
D3-MRF000865,DEAL003,COMP003,D3-FAC02,ENV_WATER,2024,0.68,ML,0.68,ML,No,Assured,0.81,0.78,extract-agent-v1.2,Yes,D3-DOC2024,31
D3-MRF000866,DEAL003,COMP003,D3-FAC05,ENV_SCOPE2,2024,39257.82,tCO2e,39257.82,tCO2e,No,Assured,0.89,0.89,extract-agent-v1.2,Yes,D3-DOC2024,22
D3-MRF000867,DEAL003,COMP003,D3-FAC05,ENV_ENERGY,2024,255053.9,MWh,255053.9,MWh,No,Assured,0.88,0.89,extract-agent-v1.2,Yes,D3-DOC2024,39
D3-MRF000868,DEAL003,COMP003,D3-FAC05,ENV_WATER,2024,0.67,ML,0.67,ML,No,Assured,0.96,0.92,extract-agent-v1.2,Yes,D3-DOC2024,18
D3-MRF000869,DEAL003,COMP003,D3-FAC03,ENV_DC_PUE,2024,1.1,ratio,1.1,ratio,No,Assured,0.94,0.89,extract-agent-v1.2,Yes,D3-DOC2024,61
D4-MR00000,DEAL004,COMP004,,ENV_SCOPE1,2015,17895.2,tCO2e,17895.2,tCO2e,No,Unaudited,0.86,0.8,extract-agent-v1.2,No,D4-DOC2015,67
D4-MR00001,DEAL004,COMP004,,ENV_SCOPE2,2015,275784.19,tCO2e,275784.19,tCO2e,No,Unaudited,0.95,0.79,extract-agent-v1.2,No,D4-DOC2015,15
D4-MR00002,DEAL004,COMP004,,ENV_SCOPE3,2015,361693.48,tCO2e,361693.48,tCO2e,Yes,Unaudited,0.97,0.9,extract-agent-v1.2,No,D4-DOC2015,24
D4-MR00003,DEAL004,COMP004,,ENV_ENERGY,2015,481640.91,MWh,481640.91,MWh,No,Unaudited,0.85,0.81,extract-agent-v1.2,No,D4-DOC2015,52
D4-MR00004,DEAL004,COMP004,,ENV_RENEW_PCT,2015,10.44,%,10.44,%,No,Unaudited,0.86,0.96,extract-agent-v1.2,No,D4-DOC2015,29
D4-MR00005,DEAL004,COMP004,,ENV_DC_PUE,2015,2.01,ratio,2.01,ratio,No,Unaudited,0.84,0.93,extract-agent-v1.2,No,D4-DOC2015,31
D4-MR00006,DEAL004,COMP004,,ENV_WATER,2015,1.37,ML,1.37,ML,No,Unaudited,0.86,0.79,extract-agent-v1.2,No,D4-DOC2015,80
D4-MR00007,DEAL004,COMP004,,ENV_EWASTE,2015,273.4,tonnes,273.4,tonnes,No,Unaudited,0.87,0.82,extract-agent-v1.2,No,D4-DOC2015,12
D4-MR00008,DEAL004,COMP004,,ENV_EWASTE_REC_PCT,2015,61.86,%,61.86,%,No,Unaudited,0.98,0.89,extract-agent-v1.2,No,D4-DOC2015,64
D4-MR00009,DEAL004,COMP004,,SOC_HEADCOUNT,2015,20941,count,20941,count,No,Unaudited,0.98,0.78,extract-agent-v1.2,No,D4-DOC2015,28
D4-MR00010,DEAL004,COMP004,,SOC_FEMALE_PCT,2015,29.44,%,29.44,%,No,Unaudited,0.87,0.73,extract-agent-v1.2,No,D4-DOC2015,84
D4-MR00011,DEAL004,COMP004,,SOC_ATTRITION,2015,14.74,%,14.74,%,No,Unaudited,0.86,0.89,extract-agent-v1.2,No,D4-DOC2015,14
D4-MR00012,DEAL004,COMP004,,SOC_TRAIN_HRS,2015,26.52,hours,26.52,hours,No,Unaudited,0.96,0.81,extract-agent-v1.2,No,D4-DOC2015,41
D4-MR00013,DEAL004,COMP004,,SOC_LTIFR,2015,0.36,per million hrs,0.36,per million hrs,No,Unaudited,0.88,0.76,extract-agent-v1.2,No,D4-DOC2015,77
D4-MR00014,DEAL004,COMP004,,SOC_ESAT,2015,68.76,score,68.76,score,No,Unaudited,0.86,0.87,extract-agent-v1.2,No,D4-DOC2015,84
D4-MR00015,DEAL004,COMP004,,GOV_BOARD_INDEP_PCT,2015,41.84,%,41.84,%,No,Unaudited,0.97,0.94,extract-agent-v1.2,No,D4-DOC2015,52
D4-MR00016,DEAL004,COMP004,,GOV_WOMEN_BOARD_PCT,2015,12.47,%,12.47,%,No,Unaudited,0.88,0.84,extract-agent-v1.2,No,D4-DOC2015,84
D4-MR00017,DEAL004,COMP004,,GOV_DATA_BREACH,2015,1,count,1,count,No,Unaudited,0.98,0.71,extract-agent-v1.2,No,D4-DOC2015,69
D4-MR00018,DEAL004,COMP004,,GOV_ETHICS_CASES,2015,22,count,22,count,No,Unaudited,0.89,0.85,extract-agent-v1.2,No,D4-DOC2015,86
D4-MRF000889,DEAL004,COMP004,D4-FAC01,ENV_SCOPE2,2015,54417.48,tCO2e,54417.48,tCO2e,No,Unaudited,0.82,0.94,extract-agent-v1.2,No,D4-DOC2015,87
D4-MRF000890,DEAL004,COMP004,D4-FAC01,ENV_ENERGY,2015,97608.14,MWh,97608.14,MWh,No,Unaudited,0.91,0.72,extract-agent-v1.2,No,D4-DOC2015,16
D4-MRF000891,DEAL004,COMP004,D4-FAC01,ENV_WATER,2015,0.28,ML,0.28,ML,No,Unaudited,0.82,0.76,extract-agent-v1.2,No,D4-DOC2015,47
D4-MRF000892,DEAL004,COMP004,D4-FAC02,ENV_SCOPE2,2015,57298.62,tCO2e,57298.62,tCO2e,No,Unaudited,0.86,0.7,extract-agent-v1.2,No,D4-DOC2015,69
D4-MRF000893,DEAL004,COMP004,D4-FAC02,ENV_ENERGY,2015,98793.56,MWh,98793.56,MWh,No,Unaudited,0.9,0.94,extract-agent-v1.2,No,D4-DOC2015,66
D4-MRF000894,DEAL004,COMP004,D4-FAC02,ENV_WATER,2015,0.27,ML,0.27,ML,No,Unaudited,0.96,0.93,extract-agent-v1.2,No,D4-DOC2015,44
D4-MRF000895,DEAL004,COMP004,D4-FAC05,ENV_SCOPE2,2015,56338.35,tCO2e,56338.35,tCO2e,No,Unaudited,0.9,0.85,extract-agent-v1.2,No,D4-DOC2015,83
D4-MRF000896,DEAL004,COMP004,D4-FAC05,ENV_ENERGY,2015,92484.92,MWh,92484.92,MWh,No,Unaudited,0.85,0.93,extract-agent-v1.2,No,D4-DOC2015,84
D4-MRF000897,DEAL004,COMP004,D4-FAC05,ENV_WATER,2015,0.27,ML,0.27,ML,No,Unaudited,0.87,0.75,extract-agent-v1.2,No,D4-DOC2015,82
D4-MRF000898,DEAL004,COMP004,D4-FAC03,ENV_DC_PUE,2015,2.0,ratio,2.0,ratio,No,Unaudited,0.85,0.93,extract-agent-v1.2,No,D4-DOC2015,19
D4-MR00100,DEAL004,COMP004,,ENV_SCOPE1,2016,17498.87,tCO2e,17498.87,tCO2e,No,Unaudited,0.82,0.85,extract-agent-v1.2,No,D4-DOC2016,28
D4-MR00101,DEAL004,COMP004,,ENV_SCOPE2,2016,257878.35,tCO2e,257878.35,tCO2e,No,Unaudited,0.85,0.75,extract-agent-v1.2,No,D4-DOC2016,39
D4-MR00102,DEAL004,COMP004,,ENV_SCOPE3,2016,385591.82,tCO2e,385591.82,tCO2e,Yes,Unaudited,0.82,0.76,extract-agent-v1.2,No,D4-DOC2016,20
D4-MR00103,DEAL004,COMP004,,ENV_ENERGY,2016,529618.42,MWh,529618.42,MWh,No,Unaudited,0.97,0.93,extract-agent-v1.2,No,D4-DOC2016,25
D4-MR00104,DEAL004,COMP004,,ENV_RENEW_PCT,2016,15.08,%,15.08,%,No,Unaudited,0.97,0.7,extract-agent-v1.2,No,D4-DOC2016,41
D4-MR00105,DEAL004,COMP004,,ENV_DC_PUE,2016,1.97,ratio,1.97,ratio,No,Unaudited,0.97,0.78,extract-agent-v1.2,No,D4-DOC2016,28
D4-MR00106,DEAL004,COMP004,,ENV_WATER,2016,1.45,ML,1.45,ML,No,Unaudited,0.98,0.89,extract-agent-v1.2,No,D4-DOC2016,48
D4-MR00107,DEAL004,COMP004,,ENV_EWASTE,2016,291.05,tonnes,291.05,tonnes,No,Unaudited,0.85,0.93,extract-agent-v1.2,No,D4-DOC2016,61
D4-MR00108,DEAL004,COMP004,,ENV_EWASTE_REC_PCT,2016,65.56,%,65.56,%,No,Unaudited,0.94,0.73,extract-agent-v1.2,No,D4-DOC2016,21
D4-MR00109,DEAL004,COMP004,,SOC_HEADCOUNT,2016,25981,count,25981,count,No,Unaudited,0.83,0.82,extract-agent-v1.2,No,D4-DOC2016,86
D4-MR00110,DEAL004,COMP004,,SOC_FEMALE_PCT,2016,31.36,%,31.36,%,No,Unaudited,0.9,0.95,extract-agent-v1.2,No,D4-DOC2016,34
D4-MR00111,DEAL004,COMP004,,SOC_ATTRITION,2016,14.42,%,14.42,%,No,Unaudited,0.86,0.76,extract-agent-v1.2,No,D4-DOC2016,32
D4-MR00112,DEAL004,COMP004,,SOC_TRAIN_HRS,2016,30.34,hours,30.34,hours,No,Unaudited,0.92,0.88,extract-agent-v1.2,No,D4-DOC2016,53
D4-MR00113,DEAL004,COMP004,,SOC_LTIFR,2016,0.33,per million hrs,0.33,per million hrs,No,Unaudited,0.88,0.78,extract-agent-v1.2,No,D4-DOC2016,64
D4-MR00114,DEAL004,COMP004,,SOC_ESAT,2016,70.18,score,70.18,score,No,Unaudited,0.89,0.88,extract-agent-v1.2,No,D4-DOC2016,54
D4-MR00115,DEAL004,COMP004,,GOV_BOARD_INDEP_PCT,2016,45.34,%,45.34,%,No,Unaudited,0.85,0.9,extract-agent-v1.2,No,D4-DOC2016,12
D4-MR00116,DEAL004,COMP004,,GOV_WOMEN_BOARD_PCT,2016,14.43,%,14.43,%,No,Unaudited,0.89,0.74,extract-agent-v1.2,No,D4-DOC2016,49
D4-MR00117,DEAL004,COMP004,,GOV_DATA_BREACH,2016,1,count,1,count,No,Unaudited,0.92,0.81,extract-agent-v1.2,No,D4-DOC2016,40
D4-MR00118,DEAL004,COMP004,,GOV_ETHICS_CASES,2016,23,count,23,count,No,Unaudited,0.88,0.72,extract-agent-v1.2,No,D4-DOC2016,60
D4-MRF000918,DEAL004,COMP004,D4-FAC01,ENV_SCOPE2,2016,53282.5,tCO2e,53282.5,tCO2e,No,Unaudited,0.82,0.77,extract-agent-v1.2,No,D4-DOC2016,45
D4-MRF000919,DEAL004,COMP004,D4-FAC01,ENV_ENERGY,2016,107956.49,MWh,107956.49,MWh,No,Unaudited,0.94,0.88,extract-agent-v1.2,No,D4-DOC2016,20
D4-MRF000920,DEAL004,COMP004,D4-FAC01,ENV_WATER,2016,0.3,ML,0.3,ML,No,Unaudited,0.81,0.86,extract-agent-v1.2,No,D4-DOC2016,84
D4-MRF000921,DEAL004,COMP004,D4-FAC02,ENV_SCOPE2,2016,51667.57,tCO2e,51667.57,tCO2e,No,Unaudited,0.89,0.92,extract-agent-v1.2,No,D4-DOC2016,74
D4-MRF000922,DEAL004,COMP004,D4-FAC02,ENV_ENERGY,2016,108315.39,MWh,108315.39,MWh,No,Unaudited,0.88,0.78,extract-agent-v1.2,No,D4-DOC2016,39
D4-MRF000923,DEAL004,COMP004,D4-FAC02,ENV_WATER,2016,0.3,ML,0.3,ML,No,Unaudited,0.87,0.95,extract-agent-v1.2,No,D4-DOC2016,37
D4-MRF000924,DEAL004,COMP004,D4-FAC05,ENV_SCOPE2,2016,52094.02,tCO2e,52094.02,tCO2e,No,Unaudited,0.85,0.85,extract-agent-v1.2,No,D4-DOC2016,53
D4-MRF000925,DEAL004,COMP004,D4-FAC05,ENV_ENERGY,2016,102983.44,MWh,102983.44,MWh,No,Unaudited,0.89,0.77,extract-agent-v1.2,No,D4-DOC2016,26
D4-MRF000926,DEAL004,COMP004,D4-FAC05,ENV_WATER,2016,0.3,ML,0.3,ML,No,Unaudited,0.82,0.79,extract-agent-v1.2,No,D4-DOC2016,84
D4-MRF000927,DEAL004,COMP004,D4-FAC03,ENV_DC_PUE,2016,1.96,ratio,1.96,ratio,No,Unaudited,0.95,0.74,extract-agent-v1.2,No,D4-DOC2016,12
D4-MR00200,DEAL004,COMP004,,ENV_SCOPE1,2017,16851.71,tCO2e,16851.71,tCO2e,No,Unaudited,0.83,0.79,extract-agent-v1.2,No,D4-DOC2017,61
D4-MR00201,DEAL004,COMP004,,ENV_SCOPE2,2017,252126.22,tCO2e,252126.22,tCO2e,No,Unaudited,0.89,0.95,extract-agent-v1.2,No,D4-DOC2017,79
D4-MR00202,DEAL004,COMP004,,ENV_SCOPE3,2017,423990.14,tCO2e,423990.14,tCO2e,Yes,Unaudited,0.93,0.93,extract-agent-v1.2,No,D4-DOC2017,71
D4-MR00203,DEAL004,COMP004,,ENV_ENERGY,2017,568998.65,MWh,568998.65,MWh,No,Unaudited,0.88,0.77,extract-agent-v1.2,No,D4-DOC2017,31
D4-MR00204,DEAL004,COMP004,,ENV_RENEW_PCT,2017,19.39,%,19.39,%,No,Unaudited,0.97,0.8,extract-agent-v1.2,No,D4-DOC2017,50
D4-MR00205,DEAL004,COMP004,,ENV_DC_PUE,2017,1.9,ratio,1.9,ratio,No,Unaudited,0.99,0.9,extract-agent-v1.2,No,D4-DOC2017,81
D4-MR00206,DEAL004,COMP004,,ENV_WATER,2017,1.6,ML,1.6,ML,No,Unaudited,0.86,0.78,extract-agent-v1.2,No,D4-DOC2017,78
D4-MR00207,DEAL004,COMP004,,ENV_EWASTE,2017,329.08,tonnes,329.08,tonnes,No,Unaudited,0.84,0.72,extract-agent-v1.2,No,D4-DOC2017,21
D4-MR00208,DEAL004,COMP004,,ENV_EWASTE_REC_PCT,2017,69.19,%,69.19,%,No,Unaudited,0.89,0.88,extract-agent-v1.2,No,D4-DOC2017,15
D4-MR00209,DEAL004,COMP004,,SOC_HEADCOUNT,2017,29708,count,29708,count,No,Unaudited,0.85,0.87,extract-agent-v1.2,No,D4-DOC2017,86
D4-MR00210,DEAL004,COMP004,,SOC_FEMALE_PCT,2017,31.57,%,31.57,%,No,Unaudited,0.94,0.87,extract-agent-v1.2,No,D4-DOC2017,42
D4-MR00211,DEAL004,COMP004,,SOC_ATTRITION,2017,14.47,%,14.47,%,No,Unaudited,0.96,0.95,extract-agent-v1.2,No,D4-DOC2017,19
D4-MR00212,DEAL004,COMP004,,SOC_TRAIN_HRS,2017,33.22,hours,33.22,hours,No,Unaudited,0.86,0.87,extract-agent-v1.2,No,D4-DOC2017,31
D4-MR00213,DEAL004,COMP004,,SOC_LTIFR,2017,0.3,per million hrs,0.3,per million hrs,No,Unaudited,0.87,0.77,extract-agent-v1.2,No,D4-DOC2017,34
D4-MR00214,DEAL004,COMP004,,SOC_ESAT,2017,71.49,score,71.49,score,No,Unaudited,0.86,0.82,extract-agent-v1.2,No,D4-DOC2017,53
D4-MR00215,DEAL004,COMP004,,GOV_BOARD_INDEP_PCT,2017,47.54,%,47.54,%,No,Unaudited,0.92,0.73,extract-agent-v1.2,No,D4-DOC2017,70
D4-MR00216,DEAL004,COMP004,,GOV_WOMEN_BOARD_PCT,2017,17.16,%,17.16,%,No,Unaudited,0.9,0.79,extract-agent-v1.2,No,D4-DOC2017,69
D4-MR00217,DEAL004,COMP004,,GOV_DATA_BREACH,2017,2,count,2,count,No,Unaudited,0.91,0.96,extract-agent-v1.2,No,D4-DOC2017,29
D4-MR00218,DEAL004,COMP004,,GOV_ETHICS_CASES,2017,25,count,25,count,No,Unaudited,0.82,0.81,extract-agent-v1.2,No,D4-DOC2017,56
D4-MRF000947,DEAL004,COMP004,D4-FAC01,ENV_SCOPE2,2017,51026.84,tCO2e,51026.84,tCO2e,No,Unaudited,0.89,0.72,extract-agent-v1.2,No,D4-DOC2017,68
D4-MRF000948,DEAL004,COMP004,D4-FAC01,ENV_ENERGY,2017,115261.37,MWh,115261.37,MWh,No,Unaudited,0.9,0.77,extract-agent-v1.2,No,D4-DOC2017,26
D4-MRF000949,DEAL004,COMP004,D4-FAC01,ENV_WATER,2017,0.3,ML,0.3,ML,No,Unaudited,0.81,0.86,extract-agent-v1.2,No,D4-DOC2017,15
D4-MRF000950,DEAL004,COMP004,D4-FAC02,ENV_SCOPE2,2017,48309.81,tCO2e,48309.81,tCO2e,No,Unaudited,0.89,0.86,extract-agent-v1.2,No,D4-DOC2017,15
D4-MRF000951,DEAL004,COMP004,D4-FAC02,ENV_ENERGY,2017,114346.27,MWh,114346.27,MWh,No,Unaudited,0.82,0.89,extract-agent-v1.2,No,D4-DOC2017,74
D4-MRF000952,DEAL004,COMP004,D4-FAC02,ENV_WATER,2017,0.31,ML,0.31,ML,No,Unaudited,0.85,0.8,extract-agent-v1.2,No,D4-DOC2017,50
D4-MRF000953,DEAL004,COMP004,D4-FAC05,ENV_SCOPE2,2017,50423.9,tCO2e,50423.9,tCO2e,No,Unaudited,0.94,0.93,extract-agent-v1.2,No,D4-DOC2017,21
D4-MRF000954,DEAL004,COMP004,D4-FAC05,ENV_ENERGY,2017,110781.18,MWh,110781.18,MWh,No,Unaudited,0.86,0.72,extract-agent-v1.2,No,D4-DOC2017,36
D4-MRF000955,DEAL004,COMP004,D4-FAC05,ENV_WATER,2017,0.32,ML,0.32,ML,No,Unaudited,0.95,0.73,extract-agent-v1.2,No,D4-DOC2017,19
D4-MRF000956,DEAL004,COMP004,D4-FAC03,ENV_DC_PUE,2017,1.91,ratio,1.91,ratio,No,Unaudited,0.98,0.72,extract-agent-v1.2,No,D4-DOC2017,31
D4-MR00300,DEAL004,COMP004,,ENV_SCOPE1,2018,16967.22,tCO2e,16967.22,tCO2e,No,Unaudited,0.99,0.9,extract-agent-v1.2,No,D4-DOC2018,18
D4-MR00301,DEAL004,COMP004,,ENV_SCOPE2,2018,237149.24,tCO2e,237149.24,tCO2e,No,Unaudited,0.89,0.87,extract-agent-v1.2,No,D4-DOC2018,51
D4-MR00302,DEAL004,COMP004,,ENV_SCOPE3,2018,453795.83,tCO2e,453795.83,tCO2e,Yes,Unaudited,0.93,0.8,extract-agent-v1.2,No,D4-DOC2018,18
D4-MR00303,DEAL004,COMP004,,ENV_ENERGY,2018,633802.3,MWh,633802.3,MWh,No,Unaudited,0.99,0.84,extract-agent-v1.2,No,D4-DOC2018,87
D4-MR00304,DEAL004,COMP004,,ENV_RENEW_PCT,2018,24.83,%,24.83,%,No,Unaudited,0.87,0.97,extract-agent-v1.2,No,D4-DOC2018,31
D4-MR00305,DEAL004,COMP004,,ENV_DC_PUE,2018,1.82,ratio,1.82,ratio,No,Unaudited,0.92,0.89,extract-agent-v1.2,No,D4-DOC2018,12
D4-MR00306,DEAL004,COMP004,,ENV_WATER,2018,1.73,ML,1.73,ML,No,Unaudited,0.89,0.88,extract-agent-v1.2,No,D4-DOC2018,39
D4-MR00307,DEAL004,COMP004,,ENV_EWASTE,2018,346.39,tonnes,346.39,tonnes,No,Unaudited,0.88,0.96,extract-agent-v1.2,No,D4-DOC2018,59
D4-MR00308,DEAL004,COMP004,,ENV_EWASTE_REC_PCT,2018,71.38,%,71.38,%,No,Unaudited,0.93,0.93,extract-agent-v1.2,No,D4-DOC2018,18
D4-MR00309,DEAL004,COMP004,,SOC_HEADCOUNT,2018,33955,count,33955,count,No,Unaudited,0.89,0.8,extract-agent-v1.2,No,D4-DOC2018,37
D4-MR00310,DEAL004,COMP004,,SOC_FEMALE_PCT,2018,32.83,%,32.83,%,No,Unaudited,0.9,0.79,extract-agent-v1.2,No,D4-DOC2018,46
D4-MR00311,DEAL004,COMP004,,SOC_ATTRITION,2018,14.08,%,14.08,%,No,Unaudited,0.92,0.83,extract-agent-v1.2,No,D4-DOC2018,67
D4-MR00312,DEAL004,COMP004,,SOC_TRAIN_HRS,2018,36.62,hours,36.62,hours,No,Unaudited,0.99,0.89,extract-agent-v1.2,No,D4-DOC2018,17
D4-MR00313,DEAL004,COMP004,,SOC_LTIFR,2018,0.27,per million hrs,0.27,per million hrs,No,Unaudited,0.89,0.81,extract-agent-v1.2,No,D4-DOC2018,12
D4-MR00314,DEAL004,COMP004,,SOC_ESAT,2018,72.53,score,72.53,score,No,Unaudited,0.94,0.94,extract-agent-v1.2,No,D4-DOC2018,26
D4-MR00315,DEAL004,COMP004,,GOV_BOARD_INDEP_PCT,2018,48.78,%,48.78,%,No,Unaudited,0.91,0.95,extract-agent-v1.2,No,D4-DOC2018,65
D4-MR00316,DEAL004,COMP004,,GOV_WOMEN_BOARD_PCT,2018,18.73,%,18.73,%,No,Unaudited,0.88,0.74,extract-agent-v1.2,No,D4-DOC2018,80
D4-MR00317,DEAL004,COMP004,,GOV_DATA_BREACH,2018,2,count,2,count,No,Unaudited,0.98,0.89,extract-agent-v1.2,No,D4-DOC2018,36
D4-MR00318,DEAL004,COMP004,,GOV_ETHICS_CASES,2018,26,count,26,count,No,Unaudited,0.93,0.85,extract-agent-v1.2,No,D4-DOC2018,73
D4-MRF000976,DEAL004,COMP004,D4-FAC01,ENV_SCOPE2,2018,46898.0,tCO2e,46898.0,tCO2e,No,Unaudited,0.96,0.87,extract-agent-v1.2,No,D4-DOC2018,56
D4-MRF000977,DEAL004,COMP004,D4-FAC01,ENV_ENERGY,2018,125822.51,MWh,125822.51,MWh,No,Unaudited,0.81,0.87,extract-agent-v1.2,No,D4-DOC2018,74
D4-MRF000978,DEAL004,COMP004,D4-FAC01,ENV_WATER,2018,0.35,ML,0.35,ML,No,Unaudited,0.84,0.9,extract-agent-v1.2,No,D4-DOC2018,17
D4-MRF000979,DEAL004,COMP004,D4-FAC02,ENV_SCOPE2,2018,47770.42,tCO2e,47770.42,tCO2e,No,Unaudited,0.93,0.77,extract-agent-v1.2,No,D4-DOC2018,72
D4-MRF000980,DEAL004,COMP004,D4-FAC02,ENV_ENERGY,2018,121286.57,MWh,121286.57,MWh,No,Unaudited,0.96,0.74,extract-agent-v1.2,No,D4-DOC2018,51
D4-MRF000981,DEAL004,COMP004,D4-FAC02,ENV_WATER,2018,0.34,ML,0.34,ML,No,Unaudited,0.81,0.93,extract-agent-v1.2,No,D4-DOC2018,38
D4-MRF000982,DEAL004,COMP004,D4-FAC05,ENV_SCOPE2,2018,47277.02,tCO2e,47277.02,tCO2e,No,Unaudited,0.83,0.78,extract-agent-v1.2,No,D4-DOC2018,36
D4-MRF000983,DEAL004,COMP004,D4-FAC05,ENV_ENERGY,2018,126029.47,MWh,126029.47,MWh,No,Unaudited,0.95,0.75,extract-agent-v1.2,No,D4-DOC2018,20
D4-MRF000984,DEAL004,COMP004,D4-FAC05,ENV_WATER,2018,0.34,ML,0.34,ML,No,Unaudited,0.82,0.91,extract-agent-v1.2,No,D4-DOC2018,35
D4-MRF000985,DEAL004,COMP004,D4-FAC03,ENV_DC_PUE,2018,1.81,ratio,1.81,ratio,No,Unaudited,0.92,0.73,extract-agent-v1.2,No,D4-DOC2018,68
D4-MR00400,DEAL004,COMP004,,ENV_SCOPE1,2019,16599.83,tCO2e,16599.83,tCO2e,No,Unaudited,0.93,0.97,extract-agent-v1.2,No,D4-DOC2019,14
D4-MR00401,DEAL004,COMP004,,ENV_SCOPE2,2019,217896.04,tCO2e,217896.04,tCO2e,No,Unaudited,0.9,0.87,extract-agent-v1.2,No,D4-DOC2019,52
D4-MR00402,DEAL004,COMP004,,ENV_SCOPE3,2019,483120.68,tCO2e,483120.68,tCO2e,No,Unaudited,0.92,0.81,extract-agent-v1.2,No,D4-DOC2019,21
D4-MR00403,DEAL004,COMP004,,ENV_ENERGY,2019,663100.26,MWh,663100.26,MWh,No,Unaudited,0.98,0.7,extract-agent-v1.2,No,D4-DOC2019,37
D4-MR00404,DEAL004,COMP004,,ENV_RENEW_PCT,2019,29.63,%,29.63,%,No,Unaudited,0.95,0.94,extract-agent-v1.2,No,D4-DOC2019,22
D4-MR00405,DEAL004,COMP004,,ENV_DC_PUE,2019,1.72,ratio,1.72,ratio,No,Unaudited,0.82,0.92,extract-agent-v1.2,No,D4-DOC2019,41
D4-MR00406,DEAL004,COMP004,,ENV_WATER,2019,1.81,ML,1.81,ML,No,Unaudited,0.97,0.79,extract-agent-v1.2,No,D4-DOC2019,30
D4-MR00407,DEAL004,COMP004,,ENV_EWASTE,2019,376.55,tonnes,376.55,tonnes,No,Unaudited,0.82,0.86,extract-agent-v1.2,No,D4-DOC2019,86
D4-MR00408,DEAL004,COMP004,,ENV_EWASTE_REC_PCT,2019,74.53,%,74.53,%,No,Unaudited,0.92,0.97,extract-agent-v1.2,No,D4-DOC2019,23
D4-MR00409,DEAL004,COMP004,,SOC_HEADCOUNT,2019,39704,count,39704,count,No,Unaudited,0.91,0.95,extract-agent-v1.2,No,D4-DOC2019,21
D4-MR00410,DEAL004,COMP004,,SOC_FEMALE_PCT,2019,35.02,%,35.02,%,No,Unaudited,0.84,0.72,extract-agent-v1.2,No,D4-DOC2019,31
D4-MR00411,DEAL004,COMP004,,SOC_ATTRITION,2019,13.5,%,13.5,%,No,Unaudited,0.95,0.79,extract-agent-v1.2,No,D4-DOC2019,88
D4-MR00412,DEAL004,COMP004,,SOC_TRAIN_HRS,2019,40.18,hours,40.18,hours,No,Unaudited,0.9,0.81,extract-agent-v1.2,No,D4-DOC2019,60
D4-MR00413,DEAL004,COMP004,,SOC_LTIFR,2019,0.23,per million hrs,0.23,per million hrs,No,Unaudited,0.93,0.93,extract-agent-v1.2,No,D4-DOC2019,37
D4-MR00414,DEAL004,COMP004,,SOC_ESAT,2019,74.69,score,74.69,score,No,Unaudited,0.93,0.91,extract-agent-v1.2,No,D4-DOC2019,29
D4-MR00415,DEAL004,COMP004,,GOV_BOARD_INDEP_PCT,2019,50.71,%,50.71,%,No,Unaudited,0.83,0.94,extract-agent-v1.2,No,D4-DOC2019,56
D4-MR00416,DEAL004,COMP004,,GOV_WOMEN_BOARD_PCT,2019,21.26,%,21.26,%,No,Unaudited,0.89,0.78,extract-agent-v1.2,No,D4-DOC2019,26
D4-MR00417,DEAL004,COMP004,,GOV_DATA_BREACH,2019,2,count,2,count,No,Unaudited,0.95,0.71,extract-agent-v1.2,No,D4-DOC2019,63
D4-MR00418,DEAL004,COMP004,,GOV_ETHICS_CASES,2019,26,count,26,count,No,Unaudited,0.84,0.84,extract-agent-v1.2,No,D4-DOC2019,42
D4-MRF001005,DEAL004,COMP004,D4-FAC01,ENV_SCOPE2,2019,44581.08,tCO2e,44581.08,tCO2e,No,Unaudited,0.9,0.71,extract-agent-v1.2,No,D4-DOC2019,66
D4-MRF001006,DEAL004,COMP004,D4-FAC01,ENV_ENERGY,2019,134778.06,MWh,134778.06,MWh,No,Unaudited,0.9,0.74,extract-agent-v1.2,No,D4-DOC2019,52
D4-MRF001007,DEAL004,COMP004,D4-FAC01,ENV_WATER,2019,0.35,ML,0.35,ML,No,Unaudited,0.93,0.73,extract-agent-v1.2,No,D4-DOC2019,23
D4-MRF001008,DEAL004,COMP004,D4-FAC02,ENV_SCOPE2,2019,42126.95,tCO2e,42126.95,tCO2e,No,Unaudited,0.93,0.75,extract-agent-v1.2,No,D4-DOC2019,13
D4-MRF001009,DEAL004,COMP004,D4-FAC02,ENV_ENERGY,2019,136720.0,MWh,136720.0,MWh,No,Unaudited,0.87,0.8,extract-agent-v1.2,No,D4-DOC2019,27
D4-MRF001010,DEAL004,COMP004,D4-FAC02,ENV_WATER,2019,0.35,ML,0.35,ML,No,Unaudited,0.81,0.79,extract-agent-v1.2,No,D4-DOC2019,49
D4-MRF001011,DEAL004,COMP004,D4-FAC05,ENV_SCOPE2,2019,45084.74,tCO2e,45084.74,tCO2e,No,Unaudited,0.97,0.82,extract-agent-v1.2,No,D4-DOC2019,37
D4-MRF001012,DEAL004,COMP004,D4-FAC05,ENV_ENERGY,2019,136622.09,MWh,136622.09,MWh,No,Unaudited,0.89,0.8,extract-agent-v1.2,No,D4-DOC2019,67
D4-MRF001013,DEAL004,COMP004,D4-FAC05,ENV_WATER,2019,0.36,ML,0.36,ML,No,Unaudited,0.83,0.86,extract-agent-v1.2,No,D4-DOC2019,53
D4-MRF001014,DEAL004,COMP004,D4-FAC03,ENV_DC_PUE,2019,1.71,ratio,1.71,ratio,No,Unaudited,0.83,0.89,extract-agent-v1.2,No,D4-DOC2019,20
D4-MR00500,DEAL004,COMP004,,ENV_SCOPE1,2020,15705.01,tCO2e,15705.01,tCO2e,No,Assured,0.92,0.93,extract-agent-v1.2,No,D4-DOC2020,37
D4-MR00501,DEAL004,COMP004,,ENV_SCOPE2,2020,203883.88,tCO2e,203883.88,tCO2e,No,Assured,0.88,0.85,extract-agent-v1.2,No,D4-DOC2020,33
D4-MR00502,DEAL004,COMP004,,ENV_SCOPE3,2020,509087.74,tCO2e,509087.74,tCO2e,No,Assured,0.92,0.85,extract-agent-v1.2,No,D4-DOC2020,15
D4-MR00503,DEAL004,COMP004,,ENV_ENERGY,2020,723493.53,MWh,723493.53,MWh,No,Assured,0.96,0.78,extract-agent-v1.2,No,D4-DOC2020,60
D4-MR00504,DEAL004,COMP004,,ENV_RENEW_PCT,2020,33.65,%,33.65,%,No,Assured,0.93,0.82,extract-agent-v1.2,No,D4-DOC2020,58
D4-MR00505,DEAL004,COMP004,,ENV_DC_PUE,2020,1.67,ratio,1.67,ratio,No,Assured,0.88,0.8,extract-agent-v1.2,No,D4-DOC2020,29
D4-MR00506,DEAL004,COMP004,,ENV_WATER,2020,1.96,ML,1.96,ML,No,Assured,0.93,0.8,extract-agent-v1.2,No,D4-DOC2020,30
D4-MR00507,DEAL004,COMP004,,ENV_EWASTE,2020,400.84,tonnes,400.84,tonnes,No,Assured,0.96,0.82,extract-agent-v1.2,No,D4-DOC2020,84
D4-MR00508,DEAL004,COMP004,,ENV_EWASTE_REC_PCT,2020,80.83,%,80.83,%,No,Assured,0.94,0.8,extract-agent-v1.2,No,D4-DOC2020,50
D4-MR00509,DEAL004,COMP004,,SOC_HEADCOUNT,2020,43795,count,43795,count,No,Assured,0.89,0.94,extract-agent-v1.2,No,D4-DOC2020,87
D4-MR00510,DEAL004,COMP004,,SOC_FEMALE_PCT,2020,35.22,%,35.22,%,No,Assured,0.84,0.84,extract-agent-v1.2,No,D4-DOC2020,81
D4-MR00511,DEAL004,COMP004,,SOC_ATTRITION,2020,13.56,%,13.56,%,No,Assured,0.88,0.96,extract-agent-v1.2,No,D4-DOC2020,57
D4-MR00512,DEAL004,COMP004,,SOC_TRAIN_HRS,2020,43.65,hours,43.65,hours,No,Assured,0.98,0.85,extract-agent-v1.2,No,D4-DOC2020,76
D4-MR00513,DEAL004,COMP004,,SOC_LTIFR,2020,0.2,per million hrs,0.2,per million hrs,No,Assured,0.84,0.86,extract-agent-v1.2,No,D4-DOC2020,36
D4-MR00514,DEAL004,COMP004,,SOC_ESAT,2020,76.98,score,76.98,score,No,Assured,0.95,0.9,extract-agent-v1.2,No,D4-DOC2020,51
D4-MR00515,DEAL004,COMP004,,GOV_BOARD_INDEP_PCT,2020,53.4,%,53.4,%,No,Assured,0.9,0.86,extract-agent-v1.2,No,D4-DOC2020,36
D4-MR00516,DEAL004,COMP004,,GOV_WOMEN_BOARD_PCT,2020,23.26,%,23.26,%,No,Assured,0.84,0.82,extract-agent-v1.2,No,D4-DOC2020,81
D4-MR00517,DEAL004,COMP004,,GOV_DATA_BREACH,2020,2,count,2,count,No,Assured,0.88,0.8,extract-agent-v1.2,No,D4-DOC2020,25
D4-MR00518,DEAL004,COMP004,,GOV_ETHICS_CASES,2020,27,count,27,count,No,Assured,0.85,0.95,extract-agent-v1.2,No,D4-DOC2020,68
D4-MRF001034,DEAL004,COMP004,D4-FAC01,ENV_SCOPE2,2020,41545.98,tCO2e,41545.98,tCO2e,No,Assured,0.88,0.71,extract-agent-v1.2,No,D4-DOC2020,83
D4-MRF001035,DEAL004,COMP004,D4-FAC01,ENV_ENERGY,2020,139861.49,MWh,139861.49,MWh,No,Assured,0.92,0.72,extract-agent-v1.2,No,D4-DOC2020,35
D4-MRF001036,DEAL004,COMP004,D4-FAC01,ENV_WATER,2020,0.37,ML,0.37,ML,No,Assured,0.82,0.71,extract-agent-v1.2,No,D4-DOC2020,86
D4-MRF001037,DEAL004,COMP004,D4-FAC02,ENV_SCOPE2,2020,40452.93,tCO2e,40452.93,tCO2e,No,Assured,0.87,0.92,extract-agent-v1.2,No,D4-DOC2020,40
D4-MRF001038,DEAL004,COMP004,D4-FAC02,ENV_ENERGY,2020,146996.03,MWh,146996.03,MWh,No,Assured,0.9,0.71,extract-agent-v1.2,No,D4-DOC2020,49
D4-MRF001039,DEAL004,COMP004,D4-FAC02,ENV_WATER,2020,0.38,ML,0.38,ML,No,Assured,0.86,0.79,extract-agent-v1.2,No,D4-DOC2020,38
D4-MRF001040,DEAL004,COMP004,D4-FAC05,ENV_SCOPE2,2020,39787.53,tCO2e,39787.53,tCO2e,No,Assured,0.92,0.9,extract-agent-v1.2,No,D4-DOC2020,72
D4-MRF001041,DEAL004,COMP004,D4-FAC05,ENV_ENERGY,2020,146122.77,MWh,146122.77,MWh,No,Assured,0.86,0.74,extract-agent-v1.2,No,D4-DOC2020,38
D4-MRF001042,DEAL004,COMP004,D4-FAC05,ENV_WATER,2020,0.38,ML,0.38,ML,No,Assured,0.88,0.88,extract-agent-v1.2,No,D4-DOC2020,76
D4-MRF001043,DEAL004,COMP004,D4-FAC03,ENV_DC_PUE,2020,1.64,ratio,1.64,ratio,No,Assured,0.83,0.85,extract-agent-v1.2,No,D4-DOC2020,71
D4-MR00600,DEAL004,COMP004,,ENV_SCOPE1,2021,15551.74,tCO2e,15551.74,tCO2e,No,Assured,0.85,0.81,extract-agent-v1.2,No,D4-DOC2021,23
D4-MR00601,DEAL004,COMP004,,ENV_SCOPE2,2021,185981.22,tCO2e,185981.22,tCO2e,No,Assured,0.97,0.92,extract-agent-v1.2,No,D4-DOC2021,68
D4-MR00602,DEAL004,COMP004,,ENV_SCOPE3,2021,538567.0,tCO2e,538567.0,tCO2e,No,Assured,0.83,0.85,extract-agent-v1.2,No,D4-DOC2021,49
D4-MR00603,DEAL004,COMP004,,ENV_ENERGY,2021,783035.8,MWh,783035.8,MWh,No,Assured,0.97,0.76,extract-agent-v1.2,No,D4-DOC2021,25
D4-MR00604,DEAL004,COMP004,,ENV_RENEW_PCT,2021,38.19,%,38.19,%,No,Assured,0.87,0.85,extract-agent-v1.2,No,D4-DOC2021,26
D4-MR00605,DEAL004,COMP004,,ENV_DC_PUE,2021,1.6,ratio,1.6,ratio,No,Assured,0.94,0.8,extract-agent-v1.2,No,D4-DOC2021,31
D4-MR00606,DEAL004,COMP004,,ENV_WATER,2021,2.01,ML,2.01,ML,No,Assured,0.9,0.75,extract-agent-v1.2,No,D4-DOC2021,33
D4-MR00607,DEAL004,COMP004,,ENV_EWASTE,2021,438.05,tonnes,438.05,tonnes,No,Assured,0.92,0.73,extract-agent-v1.2,No,D4-DOC2021,67
D4-MR00608,DEAL004,COMP004,,ENV_EWASTE_REC_PCT,2021,81.32,%,81.32,%,No,Assured,0.87,0.76,extract-agent-v1.2,No,D4-DOC2021,51
D4-MR00609,DEAL004,COMP004,,SOC_HEADCOUNT,2021,48485,count,48485,count,No,Assured,0.85,0.9,extract-agent-v1.2,No,D4-DOC2021,73
D4-MR00610,DEAL004,COMP004,,SOC_FEMALE_PCT,2021,36.26,%,36.26,%,No,Assured,0.95,0.71,extract-agent-v1.2,No,D4-DOC2021,58
D4-MR00611,DEAL004,COMP004,,SOC_ATTRITION,2021,12.94,%,12.94,%,No,Assured,0.98,0.72,extract-agent-v1.2,No,D4-DOC2021,32
D4-MR00612,DEAL004,COMP004,,SOC_TRAIN_HRS,2021,46.49,hours,46.49,hours,No,Assured,0.93,0.92,extract-agent-v1.2,No,D4-DOC2021,49
D4-MR00613,DEAL004,COMP004,,SOC_LTIFR,2021,0.17,per million hrs,0.17,per million hrs,No,Assured,0.86,0.83,extract-agent-v1.2,No,D4-DOC2021,86
D4-MR00614,DEAL004,COMP004,,SOC_ESAT,2021,77.02,score,77.02,score,No,Assured,0.94,0.96,extract-agent-v1.2,No,D4-DOC2021,28
D4-MR00615,DEAL004,COMP004,,GOV_BOARD_INDEP_PCT,2021,55.35,%,55.35,%,No,Assured,0.97,0.89,extract-agent-v1.2,No,D4-DOC2021,88
D4-MR00616,DEAL004,COMP004,,GOV_WOMEN_BOARD_PCT,2021,26.12,%,26.12,%,No,Assured,0.91,0.8,extract-agent-v1.2,No,D4-DOC2021,88
D4-MR00617,DEAL004,COMP004,,GOV_DATA_BREACH,2021,2,count,2,count,No,Assured,0.83,0.94,extract-agent-v1.2,No,D4-DOC2021,78
D4-MR00618,DEAL004,COMP004,,GOV_ETHICS_CASES,2021,28,count,28,count,No,Assured,0.9,0.85,extract-agent-v1.2,No,D4-DOC2021,59
D4-MRF001063,DEAL004,COMP004,D4-FAC01,ENV_SCOPE2,2021,36559.66,tCO2e,36559.66,tCO2e,No,Assured,0.92,0.72,extract-agent-v1.2,No,D4-DOC2021,59
D4-MRF001064,DEAL004,COMP004,D4-FAC01,ENV_ENERGY,2021,156323.29,MWh,156323.29,MWh,No,Assured,0.83,0.73,extract-agent-v1.2,No,D4-DOC2021,32
D4-MRF001065,DEAL004,COMP004,D4-FAC01,ENV_WATER,2021,0.42,ML,0.42,ML,No,Assured,0.89,0.78,extract-agent-v1.2,No,D4-DOC2021,86
D4-MRF001066,DEAL004,COMP004,D4-FAC02,ENV_SCOPE2,2021,37292.6,tCO2e,37292.6,tCO2e,No,Assured,0.92,0.94,extract-agent-v1.2,No,D4-DOC2021,28
D4-MRF001067,DEAL004,COMP004,D4-FAC02,ENV_ENERGY,2021,159413.84,MWh,159413.84,MWh,No,Assured,0.81,0.81,extract-agent-v1.2,No,D4-DOC2021,71
D4-MRF001068,DEAL004,COMP004,D4-FAC02,ENV_WATER,2021,0.41,ML,0.41,ML,No,Assured,0.84,0.94,extract-agent-v1.2,No,D4-DOC2021,21
D4-MRF001069,DEAL004,COMP004,D4-FAC05,ENV_SCOPE2,2021,39019.81,tCO2e,39019.81,tCO2e,No,Assured,0.93,0.75,extract-agent-v1.2,No,D4-DOC2021,88
D4-MRF001070,DEAL004,COMP004,D4-FAC05,ENV_ENERGY,2021,153452.36,MWh,153452.36,MWh,No,Assured,0.91,0.79,extract-agent-v1.2,No,D4-DOC2021,64
D4-MRF001071,DEAL004,COMP004,D4-FAC05,ENV_WATER,2021,0.4,ML,0.4,ML,No,Assured,0.83,0.8,extract-agent-v1.2,No,D4-DOC2021,60
D4-MRF001072,DEAL004,COMP004,D4-FAC03,ENV_DC_PUE,2021,1.56,ratio,1.56,ratio,No,Assured,0.91,0.95,extract-agent-v1.2,No,D4-DOC2021,65
D4-MR00700,DEAL004,COMP004,,ENV_SCOPE1,2022,14788.96,tCO2e,14788.96,tCO2e,No,Assured,0.85,0.94,extract-agent-v1.2,Yes,D4-DOC2022,22
D4-MR00701,DEAL004,COMP004,,ENV_SCOPE2,2022,176212.19,tCO2e,176212.19,tCO2e,No,Assured,0.94,0.85,extract-agent-v1.2,Yes,D4-DOC2022,66
D4-MR00702,DEAL004,COMP004,,ENV_SCOPE3,2022,573665.73,tCO2e,573665.73,tCO2e,No,Assured,0.93,0.78,extract-agent-v1.2,Yes,D4-DOC2022,16
D4-MR00703,DEAL004,COMP004,,ENV_ENERGY,2022,814022.2,MWh,814022.2,MWh,No,Assured,0.89,0.91,extract-agent-v1.2,Yes,D4-DOC2022,53
D4-MR00704,DEAL004,COMP004,,ENV_RENEW_PCT,2022,42.25,%,42.25,%,No,Assured,0.94,0.97,extract-agent-v1.2,Yes,D4-DOC2022,72
D4-MR00705,DEAL004,COMP004,,ENV_DC_PUE,2022,1.52,ratio,1.52,ratio,No,Assured,0.86,0.79,extract-agent-v1.2,Yes,D4-DOC2022,72
D4-MR00706,DEAL004,COMP004,,ENV_WATER,2022,2.14,ML,2.14,ML,No,Assured,0.85,0.89,extract-agent-v1.2,Yes,D4-DOC2022,54
D4-MR00707,DEAL004,COMP004,,ENV_EWASTE,2022,456.08,tonnes,456.08,tonnes,No,Assured,0.92,0.81,extract-agent-v1.2,Yes,D4-DOC2022,72
D4-MR00708,DEAL004,COMP004,,ENV_EWASTE_REC_PCT,2022,86.05,%,86.05,%,No,Assured,0.99,0.92,extract-agent-v1.2,Yes,D4-DOC2022,62
D4-MR00709,DEAL004,COMP004,,SOC_HEADCOUNT,2022,53519,count,53519,count,No,Assured,0.97,0.85,extract-agent-v1.2,Yes,D4-DOC2022,24
D4-MR00710,DEAL004,COMP004,,SOC_FEMALE_PCT,2022,38.76,%,38.76,%,No,Assured,0.83,0.79,extract-agent-v1.2,Yes,D4-DOC2022,61
D4-MR00711,DEAL004,COMP004,,SOC_ATTRITION,2022,20.09,%,20.09,%,No,Assured,0.85,0.82,extract-agent-v1.2,Yes,D4-DOC2022,73
D4-MR00712,DEAL004,COMP004,,SOC_TRAIN_HRS,2022,50.73,hours,50.73,hours,No,Assured,0.91,0.8,extract-agent-v1.2,Yes,D4-DOC2022,59
D4-MR00713,DEAL004,COMP004,,SOC_LTIFR,2022,0.13,per million hrs,0.13,per million hrs,No,Assured,0.85,0.95,extract-agent-v1.2,Yes,D4-DOC2022,12
D4-MR00714,DEAL004,COMP004,,SOC_ESAT,2022,77.59,score,77.59,score,No,Assured,0.97,0.86,extract-agent-v1.2,Yes,D4-DOC2022,24
D4-MR00715,DEAL004,COMP004,,GOV_BOARD_INDEP_PCT,2022,57.13,%,57.13,%,No,Assured,0.98,0.95,extract-agent-v1.2,Yes,D4-DOC2022,12
D4-MR00716,DEAL004,COMP004,,GOV_WOMEN_BOARD_PCT,2022,27.4,%,27.4,%,No,Assured,0.96,0.96,extract-agent-v1.2,Yes,D4-DOC2022,17
D4-MR00717,DEAL004,COMP004,,GOV_DATA_BREACH,2022,4,count,4,count,No,Assured,0.95,0.86,extract-agent-v1.2,Yes,D4-DOC2022,47
D4-MR00718,DEAL004,COMP004,,GOV_ETHICS_CASES,2022,29,count,29,count,No,Assured,0.96,0.82,extract-agent-v1.2,Yes,D4-DOC2022,87
D4-MRF001092,DEAL004,COMP004,D4-FAC01,ENV_SCOPE2,2022,35091.7,tCO2e,35091.7,tCO2e,No,Assured,0.84,0.74,extract-agent-v1.2,Yes,D4-DOC2022,39
D4-MRF001093,DEAL004,COMP004,D4-FAC01,ENV_ENERGY,2022,168205.49,MWh,168205.49,MWh,No,Assured,0.89,0.94,extract-agent-v1.2,Yes,D4-DOC2022,87
D4-MRF001094,DEAL004,COMP004,D4-FAC01,ENV_WATER,2022,0.44,ML,0.44,ML,No,Assured,0.92,0.77,extract-agent-v1.2,Yes,D4-DOC2022,41
D4-MRF001095,DEAL004,COMP004,D4-FAC02,ENV_SCOPE2,2022,34270.87,tCO2e,34270.87,tCO2e,No,Assured,0.81,0.77,extract-agent-v1.2,Yes,D4-DOC2022,69
D4-MRF001096,DEAL004,COMP004,D4-FAC02,ENV_ENERGY,2022,158735.69,MWh,158735.69,MWh,No,Assured,0.85,0.71,extract-agent-v1.2,Yes,D4-DOC2022,34
D4-MRF001097,DEAL004,COMP004,D4-FAC02,ENV_WATER,2022,0.43,ML,0.43,ML,No,Assured,0.91,0.85,extract-agent-v1.2,Yes,D4-DOC2022,74
D4-MRF001098,DEAL004,COMP004,D4-FAC05,ENV_SCOPE2,2022,35182.59,tCO2e,35182.59,tCO2e,No,Assured,0.82,0.75,extract-agent-v1.2,Yes,D4-DOC2022,56
D4-MRF001099,DEAL004,COMP004,D4-FAC05,ENV_ENERGY,2022,163927.17,MWh,163927.17,MWh,No,Assured,0.84,0.78,extract-agent-v1.2,Yes,D4-DOC2022,25
D4-MRF001100,DEAL004,COMP004,D4-FAC05,ENV_WATER,2022,0.42,ML,0.42,ML,No,Assured,0.89,0.79,extract-agent-v1.2,Yes,D4-DOC2022,60
D4-MRF001101,DEAL004,COMP004,D4-FAC03,ENV_DC_PUE,2022,1.5,ratio,1.5,ratio,No,Assured,0.93,0.7,extract-agent-v1.2,Yes,D4-DOC2022,87
D4-MR00800,DEAL004,COMP004,,ENV_SCOPE1,2023,14820.82,tCO2e,14820.82,tCO2e,No,Assured,0.84,0.88,extract-agent-v1.2,Yes,D4-DOC2023,29
D4-MR00801,DEAL004,COMP004,,ENV_SCOPE2,2023,155823.58,tCO2e,155823.58,tCO2e,No,Assured,0.93,0.77,extract-agent-v1.2,Yes,D4-DOC2023,74
D4-MR00802,DEAL004,COMP004,,ENV_SCOPE3,2023,610235.52,tCO2e,610235.52,tCO2e,No,Assured,0.94,0.9,extract-agent-v1.2,Yes,D4-DOC2023,46
D4-MR00803,DEAL004,COMP004,,ENV_ENERGY,2023,871797.27,MWh,871797.27,MWh,No,Assured,0.93,0.83,extract-agent-v1.2,Yes,D4-DOC2023,29
D4-MR00804,DEAL004,COMP004,,ENV_RENEW_PCT,2023,47.66,%,47.66,%,No,Assured,0.83,0.95,extract-agent-v1.2,Yes,D4-DOC2023,32
D4-MR00805,DEAL004,COMP004,,ENV_DC_PUE,2023,1.44,ratio,1.44,ratio,No,Assured,0.92,0.86,extract-agent-v1.2,Yes,D4-DOC2023,37
D4-MR00806,DEAL004,COMP004,,ENV_WATER,2023,2.3,ML,2.3,ML,No,Assured,0.83,0.74,extract-agent-v1.2,Yes,D4-DOC2023,18
D4-MR00807,DEAL004,COMP004,,ENV_EWASTE,2023,482.62,tonnes,482.62,tonnes,No,Assured,0.9,0.85,extract-agent-v1.2,Yes,D4-DOC2023,88
D4-MR00808,DEAL004,COMP004,,ENV_EWASTE_REC_PCT,2023,88.79,%,88.79,%,No,Assured,0.89,0.73,extract-agent-v1.2,Yes,D4-DOC2023,33
D4-MR00809,DEAL004,COMP004,,SOC_HEADCOUNT,2023,57850,count,57850,count,No,Assured,0.92,0.95,extract-agent-v1.2,Yes,D4-DOC2023,68
D4-MR00810,DEAL004,COMP004,,SOC_FEMALE_PCT,2023,38.73,%,38.73,%,No,Assured,0.91,0.92,extract-agent-v1.2,Yes,D4-DOC2023,37
D4-MR00811,DEAL004,COMP004,,SOC_ATTRITION,2023,12.46,%,12.46,%,No,Assured,0.85,0.94,extract-agent-v1.2,Yes,D4-DOC2023,45
D4-MR00812,DEAL004,COMP004,,SOC_TRAIN_HRS,2023,54.74,hours,54.74,hours,No,Assured,0.95,0.84,extract-agent-v1.2,Yes,D4-DOC2023,15
D4-MR00813,DEAL004,COMP004,,SOC_LTIFR,2023,0.1,per million hrs,0.1,per million hrs,No,Assured,0.91,0.83,extract-agent-v1.2,Yes,D4-DOC2023,67
D4-MR00814,DEAL004,COMP004,,SOC_ESAT,2023,78.64,score,78.64,score,No,Assured,0.88,0.82,extract-agent-v1.2,Yes,D4-DOC2023,80
D4-MR00815,DEAL004,COMP004,,GOV_BOARD_INDEP_PCT,2023,59.18,%,59.18,%,No,Assured,0.86,0.79,extract-agent-v1.2,Yes,D4-DOC2023,40
D4-MR00816,DEAL004,COMP004,,GOV_WOMEN_BOARD_PCT,2023,30.38,%,30.38,%,No,Assured,0.92,0.98,extract-agent-v1.2,Yes,D4-DOC2023,27
D4-MR00817,DEAL004,COMP004,,GOV_DATA_BREACH,2023,2,count,2,count,No,Assured,0.87,0.71,extract-agent-v1.2,Yes,D4-DOC2023,33
D4-MR00818,DEAL004,COMP004,,GOV_ETHICS_CASES,2023,31,count,31,count,No,Assured,0.98,0.74,extract-agent-v1.2,Yes,D4-DOC2023,72
D4-MRF001121,DEAL004,COMP004,D4-FAC01,ENV_SCOPE2,2023,30646.24,tCO2e,30646.24,tCO2e,No,Assured,0.82,0.72,extract-agent-v1.2,Yes,D4-DOC2023,21
D4-MRF001122,DEAL004,COMP004,D4-FAC01,ENV_ENERGY,2023,179729.14,MWh,179729.14,MWh,No,Assured,0.83,0.81,extract-agent-v1.2,Yes,D4-DOC2023,50
D4-MRF001123,DEAL004,COMP004,D4-FAC01,ENV_WATER,2023,0.46,ML,0.46,ML,No,Assured,0.97,0.91,extract-agent-v1.2,Yes,D4-DOC2023,80
D4-MRF001124,DEAL004,COMP004,D4-FAC02,ENV_SCOPE2,2023,30635.08,tCO2e,30635.08,tCO2e,No,Assured,0.9,0.92,extract-agent-v1.2,Yes,D4-DOC2023,25
D4-MRF001125,DEAL004,COMP004,D4-FAC02,ENV_ENERGY,2023,177123.25,MWh,177123.25,MWh,No,Assured,0.86,0.8,extract-agent-v1.2,Yes,D4-DOC2023,83
D4-MRF001126,DEAL004,COMP004,D4-FAC02,ENV_WATER,2023,0.47,ML,0.47,ML,No,Assured,0.81,0.74,extract-agent-v1.2,Yes,D4-DOC2023,67
D4-MRF001127,DEAL004,COMP004,D4-FAC05,ENV_SCOPE2,2023,31103.24,tCO2e,31103.24,tCO2e,No,Assured,0.87,0.91,extract-agent-v1.2,Yes,D4-DOC2023,31
D4-MRF001128,DEAL004,COMP004,D4-FAC05,ENV_ENERGY,2023,173031.45,MWh,173031.45,MWh,No,Assured,0.83,0.89,extract-agent-v1.2,Yes,D4-DOC2023,86
D4-MRF001129,DEAL004,COMP004,D4-FAC05,ENV_WATER,2023,0.45,ML,0.45,ML,No,Assured,0.95,0.75,extract-agent-v1.2,Yes,D4-DOC2023,31
D4-MRF001130,DEAL004,COMP004,D4-FAC03,ENV_DC_PUE,2023,1.4,ratio,1.4,ratio,No,Assured,0.92,0.91,extract-agent-v1.2,Yes,D4-DOC2023,44
D4-MR00900,DEAL004,COMP004,,ENV_SCOPE1,2024,14524.34,tCO2e,14524.34,tCO2e,No,Assured,0.99,0.94,extract-agent-v1.2,Yes,D4-DOC2024,52
D4-MR00901,DEAL004,COMP004,,ENV_SCOPE2,2024,141538.86,tCO2e,141538.86,tCO2e,No,Assured,0.86,0.82,extract-agent-v1.2,Yes,D4-DOC2024,19
D4-MR00902,DEAL004,COMP004,,ENV_SCOPE3,2024,640796.06,tCO2e,640796.06,tCO2e,No,Assured,0.96,0.76,extract-agent-v1.2,Yes,D4-DOC2024,61
D4-MR00903,DEAL004,COMP004,,ENV_ENERGY,2024,923034.74,MWh,923034.74,MWh,No,Assured,0.94,0.74,extract-agent-v1.2,Yes,D4-DOC2024,78
D4-MR00904,DEAL004,COMP004,,ENV_RENEW_PCT,2024,53.36,%,53.36,%,No,Assured,0.84,0.89,extract-agent-v1.2,Yes,D4-DOC2024,63
D4-MR00905,DEAL004,COMP004,,ENV_DC_PUE,2024,1.37,ratio,1.37,ratio,No,Assured,0.88,0.95,extract-agent-v1.2,Yes,D4-DOC2024,16
D4-MR00906,DEAL004,COMP004,,ENV_WATER,2024,2.37,ML,2.37,ML,No,Assured,0.87,0.93,extract-agent-v1.2,Yes,D4-DOC2024,47
D4-MR00907,DEAL004,COMP004,,ENV_EWASTE,2024,516.29,tonnes,516.29,tonnes,No,Assured,0.92,0.73,extract-agent-v1.2,Yes,D4-DOC2024,85
D4-MR00908,DEAL004,COMP004,,ENV_EWASTE_REC_PCT,2024,93.94,%,93.94,%,No,Assured,0.95,0.75,extract-agent-v1.2,Yes,D4-DOC2024,29
D4-MR00909,DEAL004,COMP004,,SOC_HEADCOUNT,2024,61997,count,61997,count,No,Assured,0.89,0.91,extract-agent-v1.2,Yes,D4-DOC2024,67
D4-MR00910,DEAL004,COMP004,,SOC_FEMALE_PCT,2024,40.58,%,40.58,%,No,Assured,0.91,0.73,extract-agent-v1.2,Yes,D4-DOC2024,40
D4-MR00911,DEAL004,COMP004,,SOC_ATTRITION,2024,12.54,%,12.54,%,No,Assured,0.88,0.89,extract-agent-v1.2,Yes,D4-DOC2024,24
D4-MR00912,DEAL004,COMP004,,SOC_TRAIN_HRS,2024,57.53,hours,57.53,hours,No,Assured,0.83,0.72,extract-agent-v1.2,Yes,D4-DOC2024,74
D4-MR00913,DEAL004,COMP004,,SOC_LTIFR,2024,0.07,per million hrs,0.07,per million hrs,No,Assured,0.89,0.77,extract-agent-v1.2,Yes,D4-DOC2024,82
D4-MR00914,DEAL004,COMP004,,SOC_ESAT,2024,80.59,score,80.59,score,No,Assured,0.96,0.86,extract-agent-v1.2,Yes,D4-DOC2024,88
D4-MR00915,DEAL004,COMP004,,GOV_BOARD_INDEP_PCT,2024,62.71,%,62.71,%,No,Assured,0.95,0.87,extract-agent-v1.2,Yes,D4-DOC2024,41
D4-MR00916,DEAL004,COMP004,,GOV_WOMEN_BOARD_PCT,2024,32.29,%,32.29,%,No,Assured,0.83,0.88,extract-agent-v1.2,Yes,D4-DOC2024,36
D4-MR00917,DEAL004,COMP004,,GOV_DATA_BREACH,2024,2,count,2,count,No,Assured,0.84,0.7,extract-agent-v1.2,Yes,D4-DOC2024,57
D4-MR00918,DEAL004,COMP004,,GOV_ETHICS_CASES,2024,31,count,31,count,No,Assured,0.95,0.78,extract-agent-v1.2,Yes,D4-DOC2024,40
D4-MRF001150,DEAL004,COMP004,D4-FAC01,ENV_SCOPE2,2024,29331.07,tCO2e,29331.07,tCO2e,No,Assured,0.93,0.84,extract-agent-v1.2,Yes,D4-DOC2024,31
D4-MRF001151,DEAL004,COMP004,D4-FAC01,ENV_ENERGY,2024,189569.22,MWh,189569.22,MWh,No,Assured,0.86,0.72,extract-agent-v1.2,Yes,D4-DOC2024,75
D4-MRF001152,DEAL004,COMP004,D4-FAC01,ENV_WATER,2024,0.47,ML,0.47,ML,No,Assured,0.82,0.79,extract-agent-v1.2,Yes,D4-DOC2024,59
D4-MRF001153,DEAL004,COMP004,D4-FAC02,ENV_SCOPE2,2024,28080.75,tCO2e,28080.75,tCO2e,No,Assured,0.82,0.93,extract-agent-v1.2,Yes,D4-DOC2024,40
D4-MRF001154,DEAL004,COMP004,D4-FAC02,ENV_ENERGY,2024,177789.6,MWh,177789.6,MWh,No,Assured,0.88,0.72,extract-agent-v1.2,Yes,D4-DOC2024,27
D4-MRF001155,DEAL004,COMP004,D4-FAC02,ENV_WATER,2024,0.47,ML,0.47,ML,No,Assured,0.87,0.81,extract-agent-v1.2,Yes,D4-DOC2024,39
D4-MRF001156,DEAL004,COMP004,D4-FAC05,ENV_SCOPE2,2024,27817.51,tCO2e,27817.51,tCO2e,No,Assured,0.84,0.7,extract-agent-v1.2,Yes,D4-DOC2024,25
D4-MRF001157,DEAL004,COMP004,D4-FAC05,ENV_ENERGY,2024,179511.51,MWh,179511.51,MWh,No,Assured,0.96,0.77,extract-agent-v1.2,Yes,D4-DOC2024,49
D4-MRF001158,DEAL004,COMP004,D4-FAC05,ENV_WATER,2024,0.47,ML,0.47,ML,No,Assured,0.93,0.75,extract-agent-v1.2,Yes,D4-DOC2024,73
D4-MRF001159,DEAL004,COMP004,D4-FAC03,ENV_DC_PUE,2024,1.36,ratio,1.36,ratio,No,Assured,0.8,0.85,extract-agent-v1.2,Yes,D4-DOC2024,44
